NT12005	D235E
NT12007	Q62R
NT12007	N64D
NT12007	L69F
NT12007	E82D
NT12007	K86N
NT12007	T329A
NT12007	E347D
NT12007	A375T
NT12010	Q62R
NT12010	N64D
NT12010	L69F
NT12010	E82D
NT12010	K86N
NT12010	T329A
NT12010	E347D
NT12010	A375T
NT12011	Q62R
NT12011	N64D
NT12011	L69F
NT12011	E82D
NT12011	K86N
NT12011	L118F
NT12011	E347D
NT12012	D235E
NT12016	Q62R
NT12016	N64D
NT12016	L69F
NT12016	E82D
NT12016	K86N
NT12016	L118F
NT12016	T329A
NT12016	E347D
NT12016	A375T
NT12020	D235E
NT12027	G260S
NT12032	D235E
NT12033	D235E
NT12038	D235E
NT12039	D235E
NT12040	D235E
NT12042	D235E
NT12042	Q354H
NT12043	D235E
NT12043	Q354H
NT12044	D235E
NT12044	Q354H
NT12045	D235E
NT12045	Q354H
NT12048	Q62R
NT12048	N64D
NT12048	L69F
NT12048	E82D
NT12048	K86N
NT12048	T329A
NT12048	E347D
NT12048	A375T
NT12052	Q62R
NT12052	N64D
NT12052	L69F
NT12052	E82D
NT12052	K86N
NT12052	Q354H
NT12054	Q62R
NT12054	N64D
NT12054	L69F
NT12054	E82D
NT12054	K86N
NT12054	Q354H
NT12055	Q62R
NT12055	N64D
NT12055	L69F
NT12055	E82D
NT12055	K86N
NT12055	Q354H
NT12056	Q62R
NT12056	N64D
NT12056	L69F
NT12056	E82D
NT12056	K86N
NT12056	Q354H
NT12057	Q62R
NT12057	N64D
NT12057	L69F
NT12057	E82D
NT12057	K86N
NT12057	Q354H
NT12058	R241H
NT12058	T323I
NT12060	A361T
NT12061	Q62R
NT12061	N64D
NT12061	L69F
NT12061	E82D
NT12061	K86N
NT12061	Q354H
NT12062	S414G
NT12064	Q62R
NT12064	N64D
NT12064	L69F
NT12064	E82D
NT12064	K86N
NT12064	Q354H
NT12068	Q62R
NT12068	N64D
NT12068	L69F
NT12068	E82D
NT12068	K86N
NT12068	T329A
NT12068	E347D
NT12068	A375T
NT12069	Q62R
NT12069	N64D
NT12069	L69F
NT12069	E82D
NT12069	K86N
NT12069	T329A
NT12069	E347D
NT12069	A375T
NT12070	Q62R
NT12070	N64D
NT12070	L69F
NT12070	E82D
NT12070	K86N
NT12070	T329A
NT12070	E347D
NT12070	A375T
NT12073	Q62R
NT12073	N64D
NT12073	L69F
NT12073	E82D
NT12073	K86N
NT12073	T329A
NT12073	E347D
NT12073	A375T
NT12074	D235E
NT12074	Q354H
NT12075	Q62R
NT12075	N64D
NT12075	L69F
NT12075	E82D
NT12075	K86N
NT12075	T329A
NT12075	E347D
NT12075	A375T
NT12076	Q62R
NT12076	N64D
NT12076	L69F
NT12076	E82D
NT12076	K86N
NT12076	T329A
NT12076	E347D
NT12076	A375T
NT12079	Q62R
NT12079	N64D
NT12079	L69F
NT12079	E82D
NT12079	K86N
NT12079	L118F
NT12079	T329A
NT12079	E347D
NT12079	A375T
NT12081	Q62R
NT12081	N64D
NT12081	L69F
NT12081	E82D
NT12081	K86N
NT12081	T329A
NT12081	E347D
NT12081	A375T
NT12082	Q62R
NT12082	N64D
NT12082	L69F
NT12082	E82D
NT12082	K86N
NT12082	T329A
NT12082	E347D
NT12082	A375T
NT12083	D235E
NT12083	Q354H
NT12084	D235E
NT12084	Q354H
NT12085	D235E
NT12085	Q354H
NT12086	S350G
NT12087	S350G
NT12088	D235E
NT12088	Q354H
NT12089	Q62R
NT12089	N64D
NT12089	L69F
NT12089	E82D
NT12089	K86N
NT12089	T329A
NT12089	E347D
NT12089	A375T
NT12090	D235E
NT12090	Q354H
NT12091	D235E
NT12092	Q62R
NT12092	N64D
NT12092	L69F
NT12092	E82D
NT12092	K86N
NT12092	T329A
NT12092	E347D
NT12092	A375T
NT12096	Q62R
NT12096	N64D
NT12096	L69F
NT12096	E82D
NT12096	K86N
NT12096	T329A
NT12096	E347D
NT12096	A375T
NT12097	Q62R
NT12097	N64D
NT12097	L69F
NT12097	E82D
NT12097	K86N
NT12097	T329A
NT12097	E347D
NT12097	A375T
NT12098	D235E
NT12098	Q354H
NT12099	D235E
NT12099	Q354H
NT12105	S350G
NT12112	D235E
NT12114	D235E
NT12115	S350G
NT12118	D235E
NT12118	Q354H
NT12121	A361T
NT12130	D29E
NT12130	Q62R
NT12130	N64D
NT12130	L69F
NT12130	E82D
NT12130	K86N
NT12130	S136R
NT12130	Q354H
NT12132	Q62R
NT12132	N64D
NT12132	L69F
NT12132	E82D
NT12132	K86N
NT12132	Q354H
NT12133	Q62R
NT12133	N64D
NT12133	L69F
NT12133	E82D
NT12133	K86N
NT12133	Q354H
NT12134	I221N
NT12134	G260S
NT12135	Q62R
NT12135	N64D
NT12135	L69F
NT12135	E82D
NT12135	K86N
NT12135	T329A
NT12135	E347D
NT12135	A375T
NT12136	Q62R
NT12136	N64D
NT12136	L69F
NT12136	E82D
NT12136	K86N
NT12136	Q354H
NT12137	G260S
NT12138	S350G
NT12139	S350G
NT12140	S350G
NT12143	Q62R
NT12143	N64D
NT12143	L69F
NT12143	E82D
NT12143	K86N
NT12143	T329A
NT12143	E347D
NT12143	A375T
NT12144	Q62R
NT12144	N64D
NT12144	L69F
NT12144	E82D
NT12144	K86N
NT12144	T329A
NT12144	E347D
NT12144	A375T
NT12145	Q62R
NT12145	N64D
NT12145	L69F
NT12145	E82D
NT12145	K86N
NT12145	T329A
NT12145	E347D
NT12145	A375T
NT12146	Q62R
NT12146	N64D
NT12146	L69F
NT12146	E82D
NT12146	K86N
NT12146	L118F
NT12146	E347D
NT12147	R241H
NT12148	Q62R
NT12148	N64D
NT12148	L69F
NT12148	E82D
NT12148	K86N
NT12148	L118F
NT12148	T329A
NT12148	E347D
NT12148	A375T
NT12150	Q62R
NT12150	N64D
NT12150	L69F
NT12150	E82D
NT12150	K86N
NT12150	L118F
NT12150	T329A
NT12150	E347D
NT12150	A375T
NT12151	Q62R
NT12151	N64D
NT12151	L69F
NT12151	E82D
NT12151	K86N
NT12151	T329A
NT12151	E347D
NT12151	A375T
NT12152	Q62R
NT12152	N64D
NT12152	L69F
NT12152	E82D
NT12152	K86N
NT12152	L118F
NT12152	E347D
NT12153	Q62R
NT12153	N64D
NT12153	L69F
NT12153	E82D
NT12153	K86N
NT12153	T329A
NT12153	E347D
NT12153	A375T
NT12154	Q62R
NT12154	N64D
NT12154	L69F
NT12154	E82D
NT12154	K86N
NT12154	T329A
NT12154	E347D
NT12154	A375T
NT12155	Q62R
NT12155	N64D
NT12155	L69F
NT12155	E82D
NT12155	K86N
NT12155	Q354H
NT12156	Q62R
NT12156	N64D
NT12156	L69F
NT12156	E82D
NT12156	K86N
NT12156	T329A
NT12156	E347D
NT12156	A375T
NT12157	Q62R
NT12157	N64D
NT12157	L69F
NT12157	E82D
NT12157	K86N
NT12157	T329A
NT12157	E347D
NT12157	A375T
NT12158	Q62R
NT12158	N64D
NT12158	L69F
NT12158	E82D
NT12158	K86N
NT12158	T329A
NT12158	E347D
NT12158	A375T
NT12159	Q62R
NT12159	N64D
NT12159	L69F
NT12159	E82D
NT12159	K86N
NT12159	T329A
NT12159	E347D
NT12159	A375T
NT12160	Q62R
NT12160	N64D
NT12160	L69F
NT12160	E82D
NT12160	K86N
NT12160	T329A
NT12160	E347D
NT12160	A375T
NT12161	Q62R
NT12161	N64D
NT12161	L69F
NT12161	E82D
NT12161	K86N
NT12161	Q354H
NT12161	A365T
NT12162	Q62R
NT12162	N64D
NT12162	L69F
NT12162	E82D
NT12162	K86N
NT12162	T329A
NT12162	E347D
NT12162	A375T
NT12163	Q62R
NT12163	N64D
NT12163	L69F
NT12163	E82D
NT12163	K86N
NT12163	T329A
NT12163	E347D
NT12163	A375T
NT12164	Q62R
NT12164	N64D
NT12164	L69F
NT12164	E82D
NT12164	K86N
NT12164	T329A
NT12164	E347D
NT12164	A375T
NT12165	Q62R
NT12165	N64D
NT12165	L69F
NT12165	E82D
NT12165	K86N
NT12165	T329A
NT12165	E347D
NT12165	A375T
NT12166	Q62R
NT12166	N64D
NT12166	L69F
NT12166	E82D
NT12166	K86N
NT12166	T329A
NT12166	E347D
NT12166	A375T
NT12167	Q62R
NT12167	N64D
NT12167	L69F
NT12167	E82D
NT12167	K86N
NT12167	L118F
NT12167	E347D
NT12168	Q62R
NT12168	N64D
NT12168	L69F
NT12168	E82D
NT12168	K86N
NT12168	T329A
NT12168	E347D
NT12168	A375T
NT12169	Q62R
NT12169	N64D
NT12169	L69F
NT12169	E82D
NT12169	K86N
NT12169	T329A
NT12169	E347D
NT12169	A375T
NT12170	Q62R
NT12170	N64D
NT12170	L69F
NT12170	E82D
NT12170	K86N
NT12170	T329A
NT12170	E347D
NT12170	A375T
NT12171	Q62R
NT12171	N64D
NT12171	L69F
NT12171	E82D
NT12171	K86N
NT12171	L118F
NT12171	T329A
NT12171	E347D
NT12171	A375T
NT12172	Q62R
NT12172	N64D
NT12172	L69F
NT12172	E82D
NT12172	K86N
NT12172	T329A
NT12172	E347D
NT12172	A375T
NT12173	Q62R
NT12173	N64D
NT12173	L69F
NT12173	E82D
NT12173	K86N
NT12173	T329A
NT12173	E347D
NT12173	A375T
NT12174	Q62R
NT12174	N64D
NT12174	L69F
NT12174	E82D
NT12174	K86N
NT12174	T329A
NT12174	E347D
NT12174	A375T
NT12175	Q62R
NT12175	N64D
NT12175	L69F
NT12175	E82D
NT12175	K86N
NT12175	T329A
NT12175	E347D
NT12175	A375T
NT12176	Q62R
NT12176	N64D
NT12176	L69F
NT12176	E82D
NT12176	K86N
NT12176	T329A
NT12176	E347D
NT12176	A375T
NT12177	Q62R
NT12177	N64D
NT12177	L69F
NT12177	E82D
NT12177	K86N
NT12177	T329A
NT12177	E347D
NT12177	A375T
NT12178	Q62R
NT12178	N64D
NT12178	L69F
NT12178	E82D
NT12178	K86N
NT12178	T329A
NT12178	E347D
NT12178	A375T
NT12179	Q62R
NT12179	N64D
NT12179	L69F
NT12179	E82D
NT12179	K86N
NT12179	T329A
NT12179	E347D
NT12179	A375T
NT12191	A361T
NT12192	Q62R
NT12192	N64D
NT12192	L69F
NT12192	E82D
NT12192	K86N
NT12192	T329A
NT12192	E347D
NT12192	A375T
NT12193	Q62R
NT12193	N64D
NT12193	L69F
NT12193	E82D
NT12193	K86N
NT12193	T329A
NT12193	E347D
NT12193	A375T
NT12195	Q62R
NT12195	N64D
NT12195	L69F
NT12195	E82D
NT12195	K86N
NT12195	T329A
NT12195	E347D
NT12195	Q354H
NT12197	Q62R
NT12197	N64D
NT12197	L69F
NT12197	E82D
NT12197	K86N
NT12197	V230I
NT12197	Q354H
NT12204	Q62R
NT12204	N64D
NT12204	L69F
NT12204	E82D
NT12204	K86N
NT12204	Q354H
NT12205	Q62R
NT12205	N64D
NT12205	L69F
NT12205	E82D
NT12205	K86N
NT12205	Q354H
NT12210	Q62R
NT12210	N64D
NT12210	L69F
NT12210	E82D
NT12210	K86N
NT12210	T329A
NT12210	E347D
NT12210	A375T
NT12211	Q62R
NT12211	N64D
NT12211	L69F
NT12211	E82D
NT12211	K86N
NT12211	T329A
NT12211	E347D
NT12211	A375T
NT12212	Q62R
NT12212	N64D
NT12212	L69F
NT12212	E82D
NT12212	K86N
NT12212	T329A
NT12212	E347D
NT12212	A375T
NT12213	Q62R
NT12213	N64D
NT12213	L69F
NT12213	E82D
NT12213	K86N
NT12213	L118F
NT12213	E347D
NT12215	Q62R
NT12215	N64D
NT12215	L69F
NT12215	E82D
NT12215	K86N
NT12215	T329A
NT12215	E347D
NT12215	A375T
NT12217	Q62R
NT12217	N64D
NT12217	L69F
NT12217	E82D
NT12217	K86N
NT12217	T329A
NT12217	E347D
NT12217	A375T
NT12218	Q62R
NT12218	N64D
NT12218	L69F
NT12218	E82D
NT12218	K86N
NT12218	T329A
NT12218	E347D
NT12218	A375T
NT12219	Q62R
NT12219	N64D
NT12219	L69F
NT12219	E82D
NT12219	K86N
NT12219	T329A
NT12219	E347D
NT12219	A375T
NT12220	Q62R
NT12220	N64D
NT12220	L69F
NT12220	E82D
NT12220	K86N
NT12220	T329A
NT12220	E347D
NT12220	A375T
NT12221	Q62R
NT12221	N64D
NT12221	L69F
NT12221	E82D
NT12221	K86N
NT12221	T329A
NT12221	E347D
NT12221	A375T
NT12223	Q62R
NT12223	N64D
NT12223	L69F
NT12223	E82D
NT12223	K86N
NT12223	T329A
NT12223	E347D
NT12223	A375T
NT12224	Q62R
NT12224	N64D
NT12224	L69F
NT12224	E82D
NT12224	K86N
NT12224	T329A
NT12224	E347D
NT12224	A375T
NT12226	Q62R
NT12226	N64D
NT12226	L69F
NT12226	E82D
NT12226	K86N
NT12226	T329A
NT12226	E347D
NT12226	A375T
NT12230	D235E
NT12232	Q62R
NT12232	N64D
NT12232	L69F
NT12232	E82D
NT12232	K86N
NT12232	T329A
NT12232	E347D
NT12232	A375T
NT12233	Q62R
NT12233	N64D
NT12233	L69F
NT12233	E82D
NT12233	K86N
NT12233	T329A
NT12233	E347D
NT12233	A375T
NT12262	Q62R
NT12262	N64D
NT12262	L69F
NT12262	E82D
NT12262	K86N
NT12262	T329A
NT12262	E347D
NT12262	A375T
NT12285	Q62R
NT12285	N64D
NT12285	L69F
NT12285	E82D
NT12285	K86N
NT12285	L118F
NT12285	T329A
NT12285	E347D
NT12285	A375T
NT12286	Q62R
NT12286	N64D
NT12286	L69F
NT12286	E82D
NT12286	K86N
NT12286	L118F
NT12286	T329A
NT12286	E347D
NT12286	A375T
NT12292	Q62R
NT12292	N64D
NT12292	L69F
NT12292	E82D
NT12292	K86N
NT12292	A198T
NT12292	T329A
NT12292	E347G
NT12292	E347D
NT12292	A375T
NT12294	Q62R
NT12294	N64D
NT12294	L69F
NT12294	E82D
NT12294	K86N
NT12294	Q354H
NT12299	Q62R
NT12299	N64D
NT12299	L69F
NT12299	E82D
NT12299	K86N
NT12299	T329A
NT12299	E347D
NT12299	A375T
NT12302	Q62R
NT12302	N64D
NT12302	L69F
NT12302	E82D
NT12302	K86N
NT12302	T329A
NT12302	E347D
NT12302	A375T
NT12305	Q62R
NT12305	N64D
NT12305	L69F
NT12305	E82D
NT12305	K86N
NT12305	L118F
NT12305	E347D
NT12306	Q62R
NT12306	N64D
NT12306	L69F
NT12306	E82D
NT12306	K86N
NT12306	L118F
NT12306	E347D
NT12308	D235E
NT12309	Q62R
NT12309	N64D
NT12309	L69F
NT12309	E82D
NT12309	K86N
NT12309	T329A
NT12309	E347D
NT12309	A375T
NT12310	Q62R
NT12310	N64D
NT12310	L69F
NT12310	E82D
NT12310	K86N
NT12310	T329A
NT12310	E347D
NT12310	A375T
NT12311	Q62R
NT12311	N64D
NT12311	L69F
NT12311	E82D
NT12311	K86N
NT12311	V230I
NT12311	Q354H
NT12314	Q62R
NT12314	N64D
NT12314	L69F
NT12314	E82D
NT12314	K86N
NT12314	L118F
NT12314	S350N
NT12314	Q354H
NT12315	D235E
NT12315	Q354H
NT12317	D235E
NT12319	D235E
NT12319	Q354H
NT12320	S350G
NT12321	S350G
NT12325	Q62R
NT12325	N64D
NT12325	L69F
NT12325	E82D
NT12325	K86N
NT12325	T329A
NT12325	E347D
NT12325	A375T
NT12326	Q62R
NT12326	N64D
NT12326	L69F
NT12326	E82D
NT12326	K86N
NT12326	L118F
NT12326	T329A
NT12326	E347D
NT12326	A375T
NT12327	D235E
NT12328	Q62R
NT12328	N64D
NT12328	L69F
NT12328	E82D
NT12328	K86N
NT12328	L118F
NT12328	T329A
NT12328	E347D
NT12328	A375T
NT12329	Q62R
NT12329	N64D
NT12329	L69F
NT12329	E82D
NT12329	K86N
NT12329	Q354H
NT12330	S414G
NT12331	Q62R
NT12331	N64D
NT12331	L69F
NT12331	E82D
NT12331	K86N
NT12331	T329A
NT12331	E347D
NT12331	A375T
NT12334	S350G
NT12335	D235E
NT12335	Q354H
NT12336	S350G
NT12337	D235E
NT12337	Q354H
NT12338	Q62R
NT12338	N64D
NT12338	L69F
NT12338	E82D
NT12338	K86N
NT12338	T329A
NT12338	E347D
NT12338	A375T
NT12340	Q62R
NT12340	N64D
NT12340	L69F
NT12340	E82D
NT12340	K86N
NT12340	T329A
NT12340	E347D
NT12340	A375T
NT12341	Q62R
NT12341	N64D
NT12341	L69F
NT12341	E82D
NT12341	K86N
NT12341	L118F
NT12341	T329A
NT12341	E347D
NT12341	A375T
NT12342	Q62R
NT12342	N64D
NT12342	L69F
NT12342	E82D
NT12342	K86N
NT12342	T329A
NT12342	E347D
NT12342	A375T
NT12346	D235E
NT12346	Q354H
NT12347	D235E
NT12347	Q354H
NT12353	Q62R
NT12353	N64D
NT12353	L69F
NT12353	E82D
NT12353	K86N
NT12353	T329A
NT12353	E347D
NT12353	A375T
NT12355	Q354H
NT12358	D235E
NT12358	Q354H
NT12359	Q62R
NT12359	N64D
NT12359	L69F
NT12359	E82D
NT12359	K86N
NT12359	T329A
NT12359	E347D
NT12359	A375T
NT12360	S350G
NT12361	D235E
NT12361	Q354H
NT12362	Q62R
NT12362	N64D
NT12362	L69F
NT12362	E82D
NT12362	K86N
NT12362	L118F
NT12362	E347D
NT12363	D235E
NT12363	Q354H
NT12365	Q354H
NT12367	Q62R
NT12367	N64D
NT12367	L69F
NT12367	E82D
NT12367	K86N
NT12367	V230I
NT12367	Q354H
NT12370	D235E
NT12370	Q354H
NT12372	Q354H
NT12378	D235E
NT12378	Q354H
NT12384	D235E
NT12384	Q354H
NT12387	D235E
NT12387	Q354H
NT12388	D235E
NT12388	Q354H
NT12389	D235E
NT12389	Q354H
NT12390	D235E
NT12390	Q354H
NT12391	D235E
NT12391	Q354H
NT12392	Q62R
NT12392	N64D
NT12392	L69F
NT12392	E82D
NT12392	K86N
NT12392	T329A
NT12392	E347D
NT12392	A375T
NT12393	A361T
NT12394	Q62R
NT12394	N64D
NT12394	L69F
NT12394	E82D
NT12394	K86N
NT12394	Q354H
NT12396	Q62R
NT12396	N64D
NT12396	L69F
NT12396	E82D
NT12396	K86N
NT12396	L118F
NT12396	E347D
NT12398	D235E
NT12398	Q354H
NT12400	D235E
NT12400	Q354H
NT12404	D235E
NT12404	Q354H
NT12406	Q62R
NT12406	N64D
NT12406	L69F
NT12406	E82D
NT12406	K86N
NT12406	T329A
NT12406	E347D
NT12406	A375T
NT12407	Q62R
NT12407	N64D
NT12407	L69F
NT12407	E82D
NT12407	K86N
NT12407	T329A
NT12407	E347D
NT12407	A375T
NT12412	Q62R
NT12412	N64D
NT12412	L69F
NT12412	E82D
NT12412	K86N
NT12412	Q354H
NT12414	D235E
NT12418	D235E
NT12418	Q354H
NT12420	D235E
NT12422	Q62R
NT12422	N64D
NT12422	L69F
NT12422	E82D
NT12422	K86N
NT12422	T329A
NT12422	E347D
NT12422	A375T
NT12424	Q62R
NT12424	N64D
NT12424	L69F
NT12424	E82D
NT12424	K86N
NT12424	T329A
NT12424	E347D
NT12424	A375T
NT12425	Q62R
NT12425	N64D
NT12425	L69F
NT12425	E82D
NT12425	K86N
NT12425	T329A
NT12425	E347D
NT12425	A375T
NT12426	D235E
NT12427	D235E
NT12427	Q354H
NT12429	D235E
NT12429	Q354H
NT12432	Q62R
NT12432	N64D
NT12432	L69F
NT12432	E82D
NT12432	K86N
NT12432	L118F
NT12432	T329A
NT12432	E347D
NT12432	A375T
NT12435	Q62R
NT12435	N64D
NT12435	L69F
NT12435	E82D
NT12435	K86N
NT12435	T329A
NT12435	E347D
NT12435	A375T
NT12442	D235E
NT12442	Q354H
NT12448	Q62R
NT12448	N64D
NT12448	L69F
NT12448	E82D
NT12448	K86N
NT12448	L118F
NT12448	T329A
NT12448	E347D
NT12448	A375T
NT12451	Q62R
NT12451	N64D
NT12451	L69F
NT12451	E82D
NT12451	K86N
NT12451	T329A
NT12451	E347D
NT12451	A375T
NT12452	Q62R
NT12452	N64D
NT12452	L69F
NT12452	E82D
NT12452	K86N
NT12452	T329A
NT12452	E347D
NT12452	A375T
NT12453	Q62R
NT12453	N64D
NT12453	L69F
NT12453	E82D
NT12453	K86N
NT12453	T329A
NT12453	E347D
NT12453	A375T
NT12454	Q62R
NT12454	N64D
NT12454	L69F
NT12454	E82D
NT12454	K86N
NT12454	T329A
NT12454	E347D
NT12454	A375T
NT12457	Q62R
NT12457	N64D
NT12457	L69F
NT12457	E82D
NT12457	K86N
NT12457	T329A
NT12457	E347D
NT12457	A375T
NT12458	Q62R
NT12458	N64D
NT12458	L69F
NT12458	E82D
NT12458	K86N
NT12458	T329A
NT12458	E347D
NT12458	A375T
NT12459	D235E
NT12459	Q354H
NT12460	Q62R
NT12460	N64D
NT12460	L69F
NT12460	E82D
NT12460	K86N
NT12460	L118F
NT12460	T329A
NT12460	E347D
NT12460	A375T
NT12531	D235E
NT12531	Q354H
NT12532	Q62R
NT12532	N64D
NT12532	L69F
NT12532	E82D
NT12532	K86N
NT12532	V230I
NT12532	Q354H
NT12533	Q62R
NT12533	N64D
NT12533	L69F
NT12533	E82D
NT12533	K86N
NT12533	A198T
NT12533	T329A
NT12533	E347D
NT12533	A375T
NT12535	D235E
NT12535	Q354H
NT12536	D235E
NT12537	D235E
NT12548	S350G
NT12552	Q62R
NT12552	N64D
NT12552	L69F
NT12552	E82D
NT12552	K86N
NT12552	V230I
NT12552	Q354H
NT12553	Q62R
NT12553	N64D
NT12553	L69F
NT12553	E82D
NT12553	K86N
NT12553	T329A
NT12553	E347D
NT12553	A375T
NT12554	Q62R
NT12554	N64D
NT12554	L69F
NT12554	T329A
NT12554	E347D
NT12554	A375T
NT12556	S414G
NT12557	D235E
NT12557	Q354H
NT12558	Q62R
NT12558	N64D
NT12558	L69F
NT12558	E82D
NT12558	K86N
NT12558	V230I
NT12558	Q354H
NT12559	Q62R
NT12559	N64D
NT12559	L69F
NT12559	E82D
NT12559	K86N
NT12559	L118F
NT12559	T329A
NT12559	E347D
NT12559	A375T
NT12560	Q62R
NT12560	N64D
NT12560	L69F
NT12560	E82D
NT12560	K86N
NT12560	V230I
NT12560	Q354H
NT12561	Q62R
NT12561	N64D
NT12561	L69F
NT12561	E82D
NT12561	K86N
NT12561	T329A
NT12561	E347D
NT12561	A375T
NT12562	Q62R
NT12562	N64D
NT12562	L69F
NT12562	E82D
NT12562	K86N
NT12562	T329A
NT12562	E347D
NT12562	A375T
NT12564	E82D
NT12566	D235E
NT12566	Q354H
NT12567	S350G
NT12569	Q62R
NT12569	N64D
NT12569	L69F
NT12569	E82D
NT12569	K86N
NT12569	Q354H
NT12571	A361T
NT12573	S350G
NT12574	D235E
NT12576	D235E
NT12577	Q62R
NT12577	N64D
NT12577	L69F
NT12577	E82D
NT12577	K86N
NT12577	V230I
NT12577	Q354H
NT12578	D235E
NT12580	S350G
NT12581	S350G
NT12582	D235E
NT12582	Q354H
NT12584	A361T
NT12584	S414G
NT12586	Q62R
NT12586	N64D
NT12586	L69F
NT12586	E82D
NT12586	K86N
NT12586	V230I
NT12586	Q354H
NT12587	Q62R
NT12587	N64D
NT12587	L69F
NT12587	E82D
NT12587	K86N
NT12587	L118F
NT12587	T329A
NT12587	E347D
NT12587	A375T
NT12588	Q62R
NT12588	N64D
NT12588	L69F
NT12588	E82D
NT12588	K86N
NT12588	V230I
NT12588	Q354H
NT12590	Q62R
NT12590	N64D
NT12590	L69F
NT12590	E82D
NT12590	K86N
NT12590	T329A
NT12590	E347D
NT12590	A375T
NT12591	Q62R
NT12591	N64D
NT12591	L69F
NT12591	E82D
NT12591	K86N
NT12591	T329A
NT12591	E347D
NT12591	A375T
NT12592	Q62R
NT12592	N64D
NT12592	L69F
NT12592	E82D
NT12592	K86N
NT12592	T329A
NT12592	E347D
NT12592	A375T
NT12593	T329A
NT12593	E347D
NT12593	A375T
NT12594	Q62R
NT12594	N64D
NT12594	L69F
NT12594	E82D
NT12594	K86N
NT12594	L118F
NT12594	T329A
NT12594	E347D
NT12594	A375T
NT12595	Q62R
NT12595	N64D
NT12595	L69F
NT12595	E82D
NT12595	K86N
NT12595	L118F
NT12595	T329A
NT12595	E347D
NT12595	A375T
NT12596	Q62R
NT12596	N64D
NT12596	L69F
NT12596	E82D
NT12596	K86N
NT12596	T329A
NT12596	E347D
NT12596	A375T
NT12597	Q62R
NT12597	N64D
NT12597	L69F
NT12597	E82D
NT12597	K86N
NT12597	V230I
NT12597	Q354H
NT12598	Q62R
NT12598	N64D
NT12598	L69F
NT12598	E82D
NT12598	K86N
NT12598	T329A
NT12598	E347D
NT12598	A375T
NT12599	Q62R
NT12599	N64D
NT12599	L69F
NT12599	E82D
NT12599	K86N
NT12599	T329A
NT12599	E347D
NT12599	A375T
NT12600	Q62R
NT12600	N64D
NT12600	L69F
NT12600	E82D
NT12600	K86N
NT12600	T329A
NT12600	E347D
NT12600	A375T
NT12601	Q62R
NT12601	N64D
NT12601	L69F
NT12601	E82D
NT12601	K86N
NT12601	A198T
NT12601	T329A
NT12601	E347D
NT12601	A375T
NT12602	Q62R
NT12602	N64D
NT12602	L69F
NT12602	E82D
NT12602	K86N
NT12602	T329A
NT12602	E347D
NT12602	A375T
NT12603	Q62R
NT12603	N64D
NT12603	L69F
NT12603	E82D
NT12603	K86N
NT12603	T329A
NT12603	E347D
NT12603	A375T
NT12604	Q62R
NT12604	N64D
NT12604	L69F
NT12604	E82D
NT12604	K86N
NT12604	T329A
NT12604	E347D
NT12604	A375T
NT12605	Q62R
NT12605	N64D
NT12605	L69F
NT12605	E82D
NT12605	K86N
NT12605	T329A
NT12605	E347D
NT12605	A375T
NT12606	Q62R
NT12606	N64D
NT12606	L69F
NT12606	E82D
NT12606	K86N
NT12606	V230I
NT12606	Q354H
NT12607	Q62R
NT12607	N64D
NT12607	L69F
NT12607	E82D
NT12607	K86N
NT12607	T329A
NT12607	E347D
NT12607	A375T
NT12608	Q62R
NT12608	N64D
NT12608	L69F
NT12608	E82D
NT12608	K86N
NT12608	T329A
NT12608	E347D
NT12608	A375T
NT12609	Q62R
NT12609	N64D
NT12609	L69F
NT12609	E82D
NT12609	K86N
NT12609	V230I
NT12609	Q354H
NT12610	Q62R
NT12610	N64D
NT12610	L69F
NT12610	E82D
NT12610	K86N
NT12610	T329A
NT12610	E347D
NT12610	A375T
NT12611	Q62R
NT12611	N64D
NT12611	L69F
NT12611	E82D
NT12611	K86N
NT12611	T329A
NT12611	E347D
NT12611	A375T
NT12612	Q62R
NT12612	N64D
NT12612	L69F
NT12612	E82D
NT12612	K86N
NT12612	Q354H
NT12614	Q62R
NT12614	N64D
NT12614	L69F
NT12614	E82D
NT12614	K86N
NT12614	L118F
NT12614	E347D
NT12615	Q62R
NT12615	N64D
NT12615	L69F
NT12615	E82D
NT12615	K86N
NT12615	T329A
NT12615	E347D
NT12615	A375T
NT12616	Q62R
NT12616	N64D
NT12616	L69F
NT12616	E82D
NT12616	K86N
NT12616	L118F
NT12616	T329A
NT12616	E347D
NT12616	A375T
NT12617	D235E
NT12617	Q354H
NT12618	Q62R
NT12618	N64D
NT12618	L69F
NT12618	E82D
NT12618	K86N
NT12618	T329A
NT12618	E347D
NT12618	A375T
NT12704	D235E
