NT12007	A152T
NT12007	D136E
NT12007	V108A
NT12010	D136E
NT12010	V108A
NT12011	D136E
NT12011	V108A
NT12016	D136E
NT12016	V108A
NT12020	L140M
NT12042	L140M
NT12043	L140M
NT12044	L140M
NT12048	D136E
NT12048	V108A
NT12052	A168V
NT12054	A168V
NT12055	A168V
NT12056	A168V
NT12061	A168V
NT12064	A168V
NT12068	D136E
NT12068	V108A
NT12069	D136E
NT12069	V108A
NT12069	Q10H
NT12070	D136E
NT12070	V108A
NT12073	D136E
NT12073	V108A
NT12075	D136E
NT12075	V108A
NT12076	D136E
NT12076	V108A
NT12076	Q10H
NT12079	D136E
NT12079	V108A
NT12081	D136E
NT12081	V108A
NT12082	D136E
NT12082	V108A
NT12089	D136E
NT12089	V108A
NT12090	L140M
NT12092	D136E
NT12092	V108A
NT12096	D136E
NT12096	V108A
NT12097	D136E
NT12097	V108A
NT12099	L140M
NT12105	L140M
NT12118	L140M
NT12132	A168V
NT12133	A168V
NT12135	D136E
NT12135	V108A
NT12136	A168V
NT12138	L140M
NT12139	L140M
NT12143	D136E
NT12143	V108A
NT12144	D136E
NT12144	V108A
NT12145	A152T
NT12145	D136E
NT12145	V108A
NT12146	D136E
NT12146	V108A
NT12148	D136E
NT12148	V108A
NT12150	D136E
NT12150	V108A
NT12151	D136E
NT12151	V108A
NT12152	D136E
NT12152	V108A
NT12153	D136E
NT12153	V108A
NT12154	D136E
NT12154	V108A
NT12154	Q10H
NT12155	A168V
NT12156	D136E
NT12156	V108A
NT12157	D136E
NT12157	V108A
NT12158	D136E
NT12158	V108A
NT12159	D136E
NT12159	V108A
NT12159	Q10H
NT12160	D136E
NT12160	V108A
NT12160	Q10H
NT12161	D136E
NT12161	V108A
NT12162	D136E
NT12162	V108A
NT12163	D136E
NT12163	V108A
NT12164	D136E
NT12164	V108A
NT12165	D136E
NT12165	V108A
NT12166	D136E
NT12166	V108A
NT12167	D136E
NT12167	V108A
NT12168	D136E
NT12168	V108A
NT12168	Q10H
NT12169	D136E
NT12169	V108A
NT12170	D136E
NT12170	V108A
NT12170	Q10H
NT12171	D136E
NT12171	V108A
NT12172	D136E
NT12172	V108A
NT12172	Q10H
NT12173	D136E
NT12173	V108A
NT12173	Q10H
NT12174	D136E
NT12174	V108A
NT12174	Q10H
NT12175	D136E
NT12175	V108A
NT12176	D136E
NT12176	V108A
NT12177	D136E
NT12177	V108A
NT12178	D136E
NT12178	V108A
NT12179	D136E
NT12179	V108A
NT12179	Q10H
NT12192	D136E
NT12192	V108A
NT12193	D136E
NT12193	V108A
NT12195	D136E
NT12195	V108A
NT12197	D136E
NT12197	V108A
NT12204	A168V
NT12205	A168V
NT12210	D136E
NT12210	V108A
NT12210	Q10H
NT12211	D136E
NT12211	V108A
NT12211	Q10H
NT12212	D136E
NT12212	V108A
NT12212	Q10H
NT12213	D136E
NT12213	V108A
NT12215	D136E
NT12215	V108A
NT12217	D136E
NT12217	V108A
NT12218	D136E
NT12218	V108A
NT12219	D136E
NT12219	V108A
NT12220	D136E
NT12220	V108A
NT12221	D136E
NT12221	V108A
NT12223	D136E
NT12223	V108A
NT12224	V108A
NT12226	D136E
NT12226	V108A
NT12230	L140M
NT12232	D136E
NT12232	V108A
NT12233	D136E
NT12233	V108A
NT12257	V120M
NT12262	D136E
NT12262	V108A
NT12285	D136E
NT12285	V108A
NT12286	D136E
NT12286	V108A
NT12292	D136E
NT12292	V108A
NT12294	A168V
NT12299	D136E
NT12299	V108A
NT12302	D136E
NT12302	V108A
NT12305	D136E
NT12305	V108A
NT12306	D136E
NT12306	V108A
NT12309	D136E
NT12309	V108A
NT12310	D136E
NT12310	V108A
NT12311	D136E
NT12311	V108A
NT12314	D136E
NT12314	V108A
NT12320	L140M
NT12321	L140M
NT12325	D136E
NT12325	V108A
NT12326	D136E
NT12326	V108A
NT12328	D136E
NT12328	V108A
NT12329	A168V
NT12331	D136E
NT12331	V108A
NT12331	Q10H
NT12337	L140M
NT12338	D136E
NT12338	V108A
NT12340	D136E
NT12340	V108A
NT12341	D136E
NT12341	V108A
NT12341	Q10H
NT12342	D136E
NT12342	V108A
NT12353	D136E
NT12353	V108A
NT12355	D136E
NT12355	V108A
NT12359	D136E
NT12359	V108A
NT12362	D136E
NT12362	V108A
NT12367	D136E
NT12367	V108A
NT12372	F82I
NT12387	L140M
NT12388	L140M
NT12389	L140M
NT12390	L140M
NT12391	L140M
NT12392	D136E
NT12392	V108A
NT12394	A168V
NT12396	D136E
NT12396	V108A
NT12396	Q10H
NT12406	D136E
NT12406	V108A
NT12407	D136E
NT12407	V108A
NT12412	A168V
NT12413	V120M
NT12422	D136E
NT12422	V108A
NT12424	D136E
NT12424	V108A
NT12425	D136E
NT12425	V108A
NT12432	D136E
NT12432	V108A
NT12435	D136E
NT12435	V108A
NT12440	V120M
NT12442	L140M
NT12448	D136E
NT12448	V108A
NT12451	D136E
NT12451	V108A
NT12452	D136E
NT12452	V108A
NT12453	D136E
NT12453	V108A
NT12454	D136E
NT12454	V108A
NT12457	D136E
NT12457	V108A
NT12458	D136E
NT12458	V108A
NT12460	D136E
NT12460	V108A
NT12531	R109H
NT12531	M107L
NT12532	D136E
NT12532	V108A
NT12533	D136E
NT12533	V108A
NT12545	V120M
NT12552	D136E
NT12552	V108A
NT12553	A152T
NT12553	D136E
NT12553	V108A
NT12554	D136E
NT12554	V108A
NT12558	D136E
NT12558	V108A
NT12559	D136E
NT12559	V108A
NT12560	D136E
NT12560	V108A
NT12561	D136E
NT12561	V108A
NT12562	D136E
NT12562	V108A
NT12562	Q10H
NT12564	D136E
NT12564	E112D
NT12564	V75I
NT12564	V54I
NT12565	D117N
NT12566	L140M
NT12567	L140M
NT12569	A168V
NT12573	L140M
NT12575	I155L
NT12577	D136E
NT12577	V108A
NT12581	L140M
NT12585	I155L
NT12586	D136E
NT12586	V108A
NT12587	D136E
NT12587	V108A
NT12588	D136E
NT12588	V108A
NT12590	D136E
NT12590	V108A
NT12591	D136E
NT12591	V108A
NT12592	D136E
NT12592	V108A
NT12593	D136E
NT12593	V108A
NT12594	D136E
NT12594	V108A
NT12595	D136E
NT12595	V108A
NT12596	D136E
NT12596	V108A
NT12597	D136E
NT12597	V108A
NT12598	D136E
NT12598	V108A
NT12598	Q10H
NT12599	D136E
NT12599	V108A
NT12600	D136E
NT12600	V108A
NT12601	D136E
NT12601	V108A
NT12602	D136E
NT12602	V108A
NT12603	D136E
NT12603	V108A
NT12603	Q10H
NT12604	D136E
NT12604	V108A
NT12605	D136E
NT12605	V108A
NT12605	Q10H
NT12606	D136E
NT12606	V108A
NT12607	D136E
NT12607	V108A
NT12608	D136E
NT12608	V108A
NT12608	Q10H
NT12609	D136E
NT12609	V108A
NT12610	D136E
NT12610	V120M
NT12610	V108A
NT12611	D136E
NT12611	V108A
NT12612	D136E
NT12612	V108A
NT12612	Q10H
NT12614	D136E
NT12614	V108A
NT12615	D136E
NT12615	V108A
NT12616	D136E
NT12616	V108A
NT12618	D136E
NT12618	V108A
NT12748	R12W
NT12749	R12W
NT12772	R12W
NT12773	R12W
NT12796	R12W
NT12797	R12W
NT12820	R12W
NT12821	R12W
NT12844	R12W
NT12845	R12W
NT12861	S163A
NT12861	L69R
NT12868	R12W
NT12869	R12W
NT12885	S163A
NT12885	L69R
