NT12005	G104D
NT12007	V53I
NT12007	D106G
NT12010	D106G
NT12011	D106G
NT12016	D106G
NT12026	T95I
NT12038	D106G
NT12038	A109V
NT12039	D106G
NT12039	A109V
NT12040	D106G
NT12040	A109V
NT12041	T95I
NT12045	A102V
NT12048	D106G
NT12068	D106G
NT12069	D106G
NT12070	D106G
NT12073	D106G
NT12075	D106G
NT12076	D106G
NT12079	D106G
NT12081	D106G
NT12082	D106G
NT12086	E84D
NT12087	E84D
NT12089	D106G
NT12092	D106G
NT12096	D106G
NT12097	D106G
NT12111	T95I
NT12115	E84D
NT12135	D106G
NT12140	E84D
NT12141	T95I
NT12143	D106G
NT12144	D106G
NT12145	V53I
NT12145	D106G
NT12146	D106G
NT12148	D106G
NT12150	D106G
NT12151	D106G
NT12152	D106G
NT12153	D106G
NT12154	D106G
NT12156	D106G
NT12157	D106G
NT12158	D106G
NT12159	D106G
NT12160	D106G
NT12161	D106G
NT12162	D106G
NT12163	D106G
NT12164	D106G
NT12165	D106G
NT12166	D106G
NT12167	D106G
NT12167	H122Y
NT12168	D106G
NT12169	D106G
NT12170	D106G
NT12171	D106G
NT12172	D106G
NT12173	D106G
NT12174	D106G
NT12175	D106G
NT12176	D106G
NT12177	D106G
NT12178	D106G
NT12179	D106G
NT12192	D106G
NT12193	D106G
NT12195	D106G
NT12197	D106G
NT12210	D106G
NT12211	D106G
NT12212	D106G
NT12213	D106G
NT12215	D106G
NT12217	D106G
NT12218	D106G
NT12219	D106G
NT12220	D106G
NT12221	D106G
NT12223	D106G
NT12224	D106G
NT12226	D106G
NT12232	D106G
NT12233	D106G
NT12262	D106G
NT12285	D106G
NT12286	D106G
NT12292	D106G
NT12299	D106G
NT12302	D106G
NT12305	D106G
NT12306	D106G
NT12309	D106G
NT12310	D106G
NT12311	D106G
NT12314	D106G
NT12325	D106G
NT12326	D106G
NT12327	D106G
NT12327	A109V
NT12328	D106G
NT12334	E84D
NT12336	E84D
NT12338	D106G
NT12340	D106G
NT12341	D106G
NT12342	D106G
NT12353	D106G
NT12355	D106G
NT12359	D106G
NT12360	E84D
NT12362	D106G
NT12363	A102V
NT12367	D106G
NT12392	D106G
NT12394	E47G
NT12396	D106G
NT12406	D106G
NT12407	D106G
NT12414	D106G
NT12414	A109V
NT12420	D106G
NT12420	A109V
NT12422	D106G
NT12424	D106G
NT12425	D106G
NT12432	D8Y
NT12432	D106G
NT12435	D106G
NT12448	D8Y
NT12448	D106G
NT12451	D106G
NT12452	D106G
NT12453	D106G
NT12454	D106G
NT12457	D106G
NT12458	D106G
NT12460	D106G
NT12531	A102V
NT12532	D106G
NT12533	D106G
NT12548	E84D
NT12552	D106G
NT12553	V53I
NT12553	D106G
NT12554	D106G
NT12558	D106G
NT12559	D106G
NT12560	D106G
NT12561	D106G
NT12562	D106G
NT12564	M94I
NT12568	E73K
NT12577	D106G
NT12580	E84D
NT12586	D106G
NT12587	D106G
NT12588	D106G
NT12590	D106G
NT12591	D106G
NT12592	D106G
NT12593	D106G
NT12594	D106G
NT12595	D106G
NT12596	D106G
NT12597	D106G
NT12598	D106G
NT12599	D106G
NT12600	D106G
NT12601	D106G
NT12602	D106G
NT12603	D106G
NT12604	D106G
NT12605	D106G
NT12606	D106G
NT12607	D106G
NT12608	D106G
NT12609	D106G
NT12610	D106G
NT12611	D106G
NT12612	D106G
NT12614	D106G
NT12615	D106G
NT12616	D106G
NT12618	D106G
NT12704	G104D
