NT12005	V53A
NT12005	T54A
NT12011	N38H
NT12015	S47N
NT12015	V53A
NT12015	T54A
NT12015	A106T
NT12015	M119I
NT12015	V186L
NT12015	A187S
NT12016	N38H
NT12016	A290T
NT12031	V53A
NT12031	T54A
NT12033	V53A
NT12033	T54A
NT12036	E42K
NT12037	E42K
NT12038	V53A
NT12038	T54A
NT12039	V53A
NT12039	T54A
NT12058	V53A
NT12058	T54A
NT12060	A103V
NT12069	N38H
NT12069	N120S
NT12072	Q46R
NT12072	V53A
NT12074	V53A
NT12074	T54A
NT12075	N38H
NT12076	N38H
NT12076	N120S
NT12079	N38H
NT12083	V53A
NT12083	T54A
NT12085	M55V
NT12086	V53A
NT12086	T54A
NT12087	V53A
NT12087	T54A
NT12089	N38H
NT12097	N38H
NT12098	M55V
NT12099	M55V
NT12100	V53A
NT12100	T54A
NT12102	V53A
NT12102	T54A
NT12105	V53A
NT12105	T54A
NT12113	V53A
NT12113	T54A
NT12115	V53A
NT12115	T54A
NT12120	V53A
NT12120	T54A
NT12121	A103V
NT12135	N38H
NT12138	V53A
NT12138	T54A
NT12139	V53A
NT12139	T54A
NT12140	V53A
NT12140	T54A
NT12143	N38H
NT12144	N38H
NT12146	A290T
NT12147	V53A
NT12147	T54A
NT12148	N120S
NT12150	N38H
NT12150	A290T
NT12152	N38H
NT12152	N120S
NT12153	N38H
NT12154	N38H
NT12154	N120S
NT12156	N38H
NT12157	N38H
NT12158	N38H
NT12159	N38H
NT12159	N120S
NT12160	N38H
NT12160	N120S
NT12161	N38H
NT12162	N38H
NT12163	N38H
NT12164	N38H
NT12165	L283I
NT12166	N38H
NT12167	N38H
NT12167	N120S
NT12168	N38H
NT12168	N120S
NT12170	N38H
NT12170	N120S
NT12171	N120S
NT12172	N38H
NT12172	N120S
NT12173	N38H
NT12173	N120S
NT12174	N38H
NT12174	N120S
NT12175	N38H
NT12176	N38H
NT12177	N38H
NT12178	N38H
NT12179	N38H
NT12179	N120S
NT12191	N58S
NT12193	N38H
NT12195	D197N
NT12196	S47N
NT12196	V53A
NT12196	T54A
NT12196	A106T
NT12196	M119I
NT12196	V186L
NT12196	A187S
NT12197	N38H
NT12210	N38H
NT12210	N120S
NT12211	N38H
NT12211	N120S
NT12212	N38H
NT12212	N120S
NT12215	N38H
NT12217	N38H
NT12218	N38H
NT12223	N38H
NT12224	N38H
NT12230	V53A
NT12230	T54A
NT12262	N38H
NT12285	N120S
NT12286	N120S
NT12288	V53A
NT12288	T54A
NT12288	M119I
NT12288	A132S
NT12292	N38H
NT12302	N38H
NT12303	V53A
NT12303	T54A
NT12303	M119I
NT12303	A132S
NT12305	N38H
NT12306	N38H
NT12308	V53A
NT12308	T54A
NT12309	N38H
NT12310	N38H
NT12311	N38H
NT12311	P107S
NT12315	M55V
NT12317	V53A
NT12317	T54A
NT12320	V53A
NT12320	T54A
NT12321	V53A
NT12321	T54A
NT12325	N38H
NT12326	N38H
NT12326	A290T
NT12327	V53A
NT12327	T54A
NT12331	N38H
NT12331	N120S
NT12334	V53A
NT12334	T54A
NT12336	V53A
NT12336	T54A
NT12337	K158N
NT12346	M55V
NT12353	N38H
NT12360	V53A
NT12360	T54A
NT12362	N38H
NT12365	V53A
NT12365	T54A
NT12367	N38H
NT12372	V53A
NT12372	T54A
NT12382	A145S
NT12392	N38H
NT12393	A103V
NT12396	N38H
NT12396	N120S
NT12404	V53A
NT12404	T54A
NT12406	N38H
NT12407	N38H
NT12414	V53A
NT12414	T54A
NT12420	V53A
NT12420	T54A
NT12422	N38H
NT12423	Q46R
NT12423	V53A
NT12424	N38H
NT12425	N38H
NT12429	I181F
NT12432	N38H
NT12432	A290T
NT12435	D197N
NT12448	N38H
NT12448	A290T
NT12452	N38H
NT12454	N38H
NT12460	N38H
NT12532	N38H
NT12533	N38H
NT12536	V53A
NT12536	T54A
NT12538	V53A
NT12538	T54A
NT12538	M119I
NT12538	A132S
NT12548	V53A
NT12548	T54A
NT12552	N38H
NT12554	V53A
NT12554	T54A
NT12556	Q46R
NT12556	V53A
NT12558	N38H
NT12559	N38H
NT12559	A290T
NT12560	N38H
NT12561	N38H
NT12562	N38H
NT12562	N120S
NT12566	M55V
NT12567	V53A
NT12567	T54A
NT12570	V53A
NT12570	T54A
NT12573	V53A
NT12573	T54A
NT12574	V53A
NT12574	T54A
NT12575	C51Y
NT12577	N38H
NT12578	V53A
NT12578	T54A
NT12580	V53A
NT12580	T54A
NT12581	V53A
NT12581	T54A
NT12585	C51Y
NT12586	N38H
NT12587	N120S
NT12588	N38H
NT12590	N38H
NT12591	N38H
NT12594	N120S
NT12595	N120S
NT12596	N38H
NT12597	N38H
NT12598	N38H
NT12598	N120S
NT12599	N38H
NT12600	N38H
NT12601	N38H
NT12602	N38H
NT12603	N38H
NT12603	N120S
NT12605	N38H
NT12605	N120S
NT12606	N38H
NT12608	N38H
NT12608	N120S
NT12609	N38H
NT12610	L21F
NT12610	N38H
NT12611	N38H
NT12612	N38H
NT12612	N120S
NT12614	N38H
NT12614	N120S
NT12615	N38H
NT12616	N38H
NT12616	A290T
NT12617	M55V
NT12617	D85G
NT12704	V53A
NT12704	T54A
