NT12007	P288S
NT12015	H526L
NT12065	D491H
NT12070	S182P
NT12086	I530T
NT12103	V466I
NT12122	H526N
NT12124	K439I
NT12127	K439I
NT12141	L1253Q
NT12145	P288S
NT12165	K1032Q
NT12193	G329D
NT12219	A977V
NT12220	A977V
NT12221	A977V
NT12226	A977V
NT12320	Y47C
NT12321	Y47C
NT12328	R1211T
NT12341	R1211S
NT12341	R1211P
NT12448	T1003I
NT12564	E412D
NT12564	T595I
NT12572	Y179D
NT12576	E859G
NT12590	G329D
NT12594	D516Y
NT12611	G329D
NT12615	G329D
NT12765	T553P
NT12772	V920A
NT12773	V920A
NT12796	V920A
NT12797	V920A
NT12814	L773R
NT12815	L773R
NT12820	V920A
NT12821	V920A
NT12827	V82F
NT12838	L773R
NT12839	L773R
NT12842	R1177H
NT12843	R974C
NT12844	V920A
NT12845	V920A
NT12849	E119G
NT12862	K735N
NT12862	L773R
NT12863	K735N
NT12863	L773R
NT12867	R974C
NT12867	N1175S
NT12868	V920A
NT12869	V920A
NT12873	E119G
