NT12011	A186S
NT12012	T142S
NT12015	T142S
NT12015	T190S
NT12020	T142S
NT12022	T142S
NT12023	T142S
NT12024	T142S
NT12025	T142S
NT12029	A186T
NT12031	T142S
NT12032	T142S
NT12033	T142S
NT12038	T142S
NT12039	T142S
NT12042	T142S
NT12043	T142S
NT12052	V156I
NT12061	V156I
NT12074	T142S
NT12084	T142S
NT12088	T142S
NT12090	T142S
NT12091	T142S
NT12098	T142S
NT12100	T142S
NT12105	T142S
NT12109	T142S
NT12110	T142S
NT12113	T142S
NT12115	T142S
NT12119	T142S
NT12120	T142S
NT12122	T142S
NT12125	T142S
NT12132	V156I
NT12134	T142S
NT12141	T142S
NT12152	A186S
NT12155	V156I
NT12164	G166D
NT12194	T142S
NT12196	T142S
NT12196	T190S
NT12199	T142S
NT12202	T142S
NT12204	V156I
NT12205	V156I
NT12215	G166D
NT12217	G166D
NT12218	G166D
NT12230	T142S
NT12288	D40E
NT12288	T142S
NT12294	V156I
NT12298	T142S
NT12303	T142S
NT12305	V156I
NT12306	V156I
NT12314	A186S
NT12319	T142S
NT12320	T142S
NT12321	T142S
NT12327	N90S
NT12327	T142S
NT12329	V156I
NT12332	T142S
NT12333	F114L
NT12337	T142S
NT12346	T142S
NT12347	T142S
NT12358	T142S
NT12361	T142S
NT12362	A186S
NT12365	T142S
NT12370	T142S
NT12382	T142S
NT12382	V158I
NT12387	T142S
NT12388	T142S
NT12389	T142S
NT12390	T142S
NT12391	T142S
NT12392	A186S
NT12393	M93V
NT12400	T142S
NT12404	T142S
NT12412	V156I
NT12414	T142S
NT12420	N90S
NT12420	T142S
NT12426	T142S
NT12429	T142S
NT12448	G217R
NT12532	V156I
NT12535	T142S
NT12536	T142S
NT12537	T142S
NT12538	D40E
NT12538	T142S
NT12541	T142S
NT12542	G166D
NT12548	T142S
NT12550	T142S
NT12561	G166D
NT12563	A123T
NT12563	T142S
NT12566	T142S
NT12569	V156I
NT12570	T142S
NT12577	V156I
NT12578	T142S
NT12586	V156I
NT12589	T142S
NT12591	G166D
NT12596	V156I
NT12604	E196A
NT12609	V156I
NT12614	A186S
