NT12010	R16C
NT12016	R45C
NT12030	Q68L
NT12034	A76V
NT12035	V56L
NT12048	R16C
NT12068	R16C
NT12069	E108D
NT12070	R16C
NT12073	R16C
NT12075	E108D
NT12075	R45C
NT12076	E108D
NT12082	R16C
NT12089	E108D
NT12089	R45C
NT12092	R16C
NT12096	R16C
NT12097	E108D
NT12097	R45C
NT12106	Q68L
NT12122	Q68L
NT12135	E108D
NT12135	R45C
NT12143	E108D
NT12143	R45C
NT12146	R45C
NT12150	E108D
NT12151	R16C
NT12152	E108D
NT12153	E108D
NT12153	R45C
NT12156	E108D
NT12156	R45C
NT12157	E108D
NT12157	R45C
NT12158	E108D
NT12158	R45C
NT12162	E108D
NT12162	R45C
NT12163	E108D
NT12163	R45C
NT12164	E108D
NT12165	R16C
NT12166	E108D
NT12166	R45C
NT12167	E108D
NT12168	E108D
NT12169	R16C
NT12174	E108D
NT12175	E108D
NT12176	E108D
NT12177	E108D
NT12178	E108D
NT12192	R16C
NT12193	E108D
NT12193	R45C
NT12210	E108D
NT12211	E108D
NT12212	E108D
NT12215	E108D
NT12217	E108D
NT12218	E108D
NT12219	R16C
NT12220	R16C
NT12221	R16C
NT12223	E108D
NT12223	R45C
NT12224	E108D
NT12224	R45C
NT12226	R16C
NT12232	R16C
NT12233	R16C
NT12262	E108D
NT12262	R45C
NT12292	E108D
NT12292	R45C
NT12298	Q68L
NT12299	R16C
NT12309	E108D
NT12309	R45C
NT12310	E108D
NT12310	R45C
NT12314	E108D
NT12320	E28A
NT12321	E28A
NT12325	E108D
NT12325	R45C
NT12326	E108D
NT12338	R16C
NT12340	R16C
NT12342	R16C
NT12400	E115D
NT12407	E108D
NT12407	R45C
NT12422	E108D
NT12422	R45C
NT12424	E108D
NT12424	R45C
NT12432	R45C
NT12448	R45C
NT12452	E108D
NT12452	R45C
NT12453	R16C
NT12454	E108D
NT12454	R45C
NT12457	E108D
NT12533	E108D
NT12533	R45C
NT12541	Q68L
NT12554	E108D
NT12554	R45C
NT12559	E108D
NT12561	E108D
NT12590	E108D
NT12590	R45C
NT12591	E108D
NT12592	R16C
NT12596	A121V
NT12599	E108D
NT12599	R45C
NT12600	E108D
NT12600	R45C
NT12601	E108D
NT12601	R45C
NT12603	E108D
NT12604	R16C
NT12607	R16C
NT12608	E108D
NT12611	E108D
NT12611	R45C
NT12614	E108D
NT12615	E108D
NT12615	R45C
NT12616	E108D
NT12868	P71S
NT12869	P71S
