NT12007	T118A
NT12007	A79T
NT12007	A36D
NT12011	T118A
NT12011	A79T
NT12011	A36D
NT12012	A122T
NT12015	A68D
NT12016	T118A
NT12016	P115S
NT12016	A79T
NT12016	V45I
NT12020	H18Q
NT12027	A99T
NT12029	A61T
NT12040	V45I
NT12045	A39T
NT12048	T118A
NT12048	A79T
NT12048	A36D
NT12054	T118A
NT12054	A79T
NT12054	V45I
NT12055	T118A
NT12055	A79T
NT12055	V45I
NT12056	T118A
NT12056	A79T
NT12056	V45I
NT12057	T118A
NT12057	A79T
NT12057	V45I
NT12060	E114A
NT12062	A79V
NT12064	T118A
NT12064	A79T
NT12064	V45I
NT12068	T118A
NT12068	A79T
NT12068	A36D
NT12069	T118A
NT12069	V116A
NT12069	I102T
NT12069	Q96R
NT12069	A79T
NT12069	A80P
NT12069	A61T
NT12069	A48S
NT12069	V31M
NT12070	T118A
NT12070	A79T
NT12070	A36D
NT12073	T118A
NT12073	A79T
NT12073	A36D
NT12074	A122T
NT12075	T118A
NT12075	P115S
NT12075	A79T
NT12075	V45I
NT12076	T118A
NT12079	T118A
NT12079	A79T
NT12079	A36D
NT12081	T118A
NT12081	A79T
NT12081	L56Q
NT12081	A36D
NT12082	T118A
NT12082	A79T
NT12082	A36D
NT12091	H18Q
NT12096	T118A
NT12096	A79T
NT12096	A36D
NT12097	T118A
NT12097	P115S
NT12097	A79T
NT12097	V45I
NT12098	A122T
NT12099	V110M
NT12102	Q72K
NT12103	G151A
NT12103	Q72K
NT12107	V45I
NT12115	A122T
NT12121	E114A
NT12124	E114A
NT12127	E114A
NT12128	A99T
NT12128	V82I
NT12132	R113K
NT12133	T118A
NT12133	A79T
NT12133	V45I
NT12134	A99T
NT12135	T118A
NT12135	P115S
NT12135	A79T
NT12135	V45I
NT12136	T118A
NT12136	A79T
NT12136	V45I
NT12137	A99T
NT12140	A122T
NT12144	T118A
NT12145	T118A
NT12145	A79T
NT12145	A36D
NT12146	T118A
NT12146	A79T
NT12146	A36D
NT12147	A68D
NT12148	T118A
NT12148	T117A
NT12148	L104Q
NT12148	A99T
NT12148	A80V
NT12150	T118A
NT12150	A79T
NT12150	A36D
NT12151	T118A
NT12151	A79T
NT12151	A36D
NT12152	T118A
NT12152	T117A
NT12152	L104Q
NT12152	A99T
NT12152	A80V
NT12152	A36D
NT12154	T118A
NT12154	A79T
NT12154	V45I
NT12156	T118A
NT12156	P115S
NT12156	A79T
NT12156	V45I
NT12159	T118A
NT12159	A79T
NT12159	V45I
NT12160	T118A
NT12160	A79T
NT12160	V45I
NT12161	A126S
NT12161	T118A
NT12161	L104Q
NT12161	A80V
NT12161	V45I
NT12162	A36D
NT12164	T118A
NT12166	A36D
NT12167	T118A
NT12167	T117A
NT12167	L104Q
NT12167	A99T
NT12167	A80V
NT12167	A36D
NT12168	T118A
NT12169	T118A
NT12169	A79T
NT12169	A36D
NT12170	T118A
NT12170	A79T
NT12170	V45I
NT12171	T118A
NT12171	T117A
NT12171	L104Q
NT12171	A99T
NT12171	A80V
NT12172	T118A
NT12172	A79T
NT12172	V45I
NT12173	T118A
NT12173	A79T
NT12173	V45I
NT12174	T118A
NT12174	V116A
NT12174	I102T
NT12174	Q96R
NT12174	A79T
NT12174	A80P
NT12174	A61T
NT12174	A48S
NT12174	V31M
NT12175	T118A
NT12176	T118A
NT12177	T118A
NT12178	T118A
NT12179	T118A
NT12179	A79T
NT12179	V45I
NT12192	T118A
NT12192	A79T
NT12192	A36D
NT12195	T118A
NT12195	L104Q
NT12195	A99T
NT12195	V17I
NT12196	A68D
NT12199	A99T
NT12202	A99T
NT12210	T118A
NT12210	T117A
NT12211	T118A
NT12211	T117A
NT12212	T118A
NT12212	T117A
NT12213	T118A
NT12215	T118A
NT12217	T118A
NT12218	T118A
NT12219	T118A
NT12219	A79T
NT12219	A36D
NT12220	T118A
NT12220	A79T
NT12220	A36D
NT12221	T118A
NT12221	A79T
NT12221	A36D
NT12226	T118A
NT12226	A79T
NT12226	A36D
NT12232	T118A
NT12232	A79T
NT12232	A36D
NT12233	T118A
NT12233	A79T
NT12233	A36D
NT12257	E114A
NT12262	A36D
NT12285	T118A
NT12285	T117A
NT12285	L104Q
NT12285	A99T
NT12285	A80V
NT12286	T118A
NT12286	T117A
NT12286	L104Q
NT12286	A99T
NT12286	A80V
NT12292	T118A
NT12292	P115S
NT12292	A79T
NT12292	V45I
NT12299	T118A
NT12299	A79T
NT12299	A36D
NT12302	T118A
NT12302	A79T
NT12302	V45I
NT12305	T118A
NT12305	A79T
NT12305	A36D
NT12306	T118A
NT12306	A79T
NT12306	A36D
NT12309	A36D
NT12310	A36D
NT12311	T118A
NT12311	A79T
NT12311	V45I
NT12314	T118A
NT12314	A79T
NT12314	A36D
NT12315	A122T
NT12319	A122T
NT12326	T118A
NT12326	A79T
NT12326	A36D
NT12328	T118A
NT12328	A79T
NT12328	A36D
NT12329	R113K
NT12330	A79V
NT12331	T118A
NT12331	A79T
NT12331	V45I
NT12332	A99T
NT12333	E114A
NT12334	A122T
NT12336	A122T
NT12338	T118A
NT12338	A79T
NT12338	A36D
NT12340	T118A
NT12340	A79T
NT12340	A36D
NT12341	T118A
NT12341	A79T
NT12341	A36D
NT12342	T118A
NT12342	A79T
NT12342	A36D
NT12347	H18Q
NT12353	T118A
NT12353	L104Q
NT12353	A79T
NT12353	A36D
NT12355	T118A
NT12355	L104Q
NT12355	A79T
NT12355	A36D
NT12359	T118A
NT12359	A79T
NT12359	A36D
NT12362	T118A
NT12362	A79T
NT12362	A36D
NT12363	A39T
NT12367	T118A
NT12367	A79T
NT12367	V45I
NT12372	V45I
NT12392	T118A
NT12392	L104Q
NT12392	A80V
NT12393	E114A
NT12396	T118A
NT12396	A79T
NT12396	A36D
NT12400	P8R
NT12406	A126S
NT12406	T118A
NT12406	L104Q
NT12406	A80V
NT12406	A36D
NT12406	V31M
NT12407	T118A
NT12407	P115S
NT12407	A79T
NT12407	V45I
NT12422	T118A
NT12422	P115S
NT12422	A79T
NT12422	V45I
NT12424	T118A
NT12424	P115S
NT12424	A79T
NT12424	V45I
NT12425	T118A
NT12425	A79T
NT12425	V45I
NT12429	A122T
NT12432	T118A
NT12432	L104Q
NT12432	A99T
NT12432	A80V
NT12432	A61T
NT12432	A36D
NT12432	V31M
NT12435	T118A
NT12435	A79T
NT12435	V45I
NT12448	T118A
NT12448	L104Q
NT12448	A99T
NT12448	A80V
NT12448	A61T
NT12448	A36D
NT12448	V31M
NT12451	T118A
NT12451	A79T
NT12451	L56Q
NT12451	A36D
NT12457	T118A
NT12457	A79T
NT12457	A36D
NT12458	T118A
NT12458	A79T
NT12458	A36D
NT12460	T118A
NT12460	A79T
NT12460	A36D
NT12531	A122T
NT12533	T118A
NT12533	P115S
NT12533	A79T
NT12533	V45I
NT12534	E114A
NT12542	A99T
NT12544	G151A
NT12544	Q72K
NT12551	E114A
NT12552	T118A
NT12552	A79T
NT12552	V45I
NT12553	D162N
NT12553	T118A
NT12553	A79T
NT12553	A36D
NT12554	T118A
NT12554	P115S
NT12554	A79T
NT12554	V45I
NT12556	T118A
NT12556	P115S
NT12556	A79T
NT12556	V45I
NT12559	T118A
NT12559	A79T
NT12559	A36D
NT12561	T118A
NT12562	T118A
NT12562	A79T
NT12562	V45I
NT12563	A99T
NT12570	T165M
NT12571	E114A
NT12572	E114A
NT12575	T118A
NT12579	E114A
NT12583	E114A
NT12584	E57D
NT12587	T118A
NT12587	T117A
NT12587	L104Q
NT12587	A99T
NT12587	A80V
NT12589	T118A
NT12589	P115S
NT12589	A79T
NT12589	V45I
NT12591	T118A
NT12592	T118A
NT12592	A79T
NT12592	A36D
NT12593	T118A
NT12593	A79T
NT12593	V45I
NT12594	G29D
NT12595	T118A
NT12595	T117A
NT12595	L104Q
NT12595	A99T
NT12595	A80V
NT12596	T118A
NT12596	A79T
NT12596	V45I
NT12598	T118A
NT12598	A79T
NT12598	V45I
NT12599	T118A
NT12599	P115S
NT12599	A79T
NT12599	V45I
NT12601	T118A
NT12601	P115S
NT12601	A79T
NT12601	V45I
NT12602	T118A
NT12602	A79T
NT12602	V45I
NT12603	T118A
NT12603	V116A
NT12603	I102T
NT12603	Q96R
NT12603	A79T
NT12603	A80P
NT12603	A61T
NT12603	A48S
NT12603	V31M
NT12604	T118A
NT12604	A79T
NT12604	A36D
NT12605	T118A
NT12605	A79T
NT12605	V45I
NT12608	T118A
NT12610	T118A
NT12610	L104Q
NT12610	A80V
NT12612	T118A
NT12612	A79T
NT12612	V45I
NT12614	T118A
NT12614	T117A
NT12614	L104Q
NT12614	A99T
NT12614	A80V
NT12614	A36D
NT12616	T118A
NT12616	A79T
NT12616	A36D
NT12618	T118A
NT12618	A79T
NT12618	V45I
NT12782	A15T
NT12783	A15T
NT12806	A15T
NT12807	A15T
NT12815	V17G
NT12830	A15T
NT12831	A15T
NT12839	V17G
NT12854	A15T
NT12855	A15T
NT12862	V17G
NT12863	V17G
NT12878	A15T
NT12879	A15T
