NT12005	L74Q
NT12017	G225D
NT12028	T6N
NT12056	H204R
NT12058	Q173E
NT12062	Q173E
NT12065	R40H
NT12066	R40H
NT12072	Q173E
NT12079	E114K
NT12088	K283E
NT12108	T6N
NT12109	G128S
NT12111	E328A
NT12112	T6N
NT12114	T6N
NT12132	M53I
NT12132	R142H
NT12133	R262C
NT12136	R262C
NT12147	Q173E
NT12191	Q173E
NT12215	A129T
NT12217	A129T
NT12218	A129T
NT12230	A315T
NT12308	L74Q
NT12317	L74Q
NT12327	A260T
NT12328	E114K
NT12329	M53I
NT12329	R142H
NT12330	Q173E
NT12332	A65P
NT12341	E114K
NT12365	Q173E
NT12387	P127S
NT12388	P127S
NT12389	P127S
NT12390	P127S
NT12391	P127S
NT12420	R359H
NT12423	Q173E
NT12447	Q173E
NT12460	E114K
NT12536	A129G
NT12546	P197S
NT12556	M223I
NT12564	Q173E
NT12568	T6N
NT12574	L74Q
NT12575	Q173E
NT12578	L113Q
NT12578	T139I
NT12578	Q173E
NT12585	Q173E
NT12589	R40H
NT12593	Q173E
NT12596	V77L
NT12596	D292G
NT12618	Q173E
NT12704	L74Q
NT12758	I193T
NT12862	K107T
