NT12007	A615T
NT12010	A615T
NT12011	A615T
NT12016	A615T
NT12031	A874T
NT12048	A615T
NT12054	A883V
NT12055	A883V
NT12056	A883V
NT12057	A883V
NT12058	T4S
NT12064	A883V
NT12068	A615T
NT12069	A615T
NT12070	A615T
NT12073	A615T
NT12075	A615T
NT12076	A615T
NT12079	A615T
NT12081	A615T
NT12082	A615T
NT12089	A615T
NT12092	A615T
NT12094	A209V
NT12096	A615T
NT12097	A615T
NT12102	Y302C
NT12112	A874T
NT12114	A874T
NT12127	F583L
NT12133	A883V
NT12135	A615T
NT12136	A883V
NT12143	A615T
NT12144	A615T
NT12145	A615T
NT12146	A615T
NT12148	A615T
NT12150	A615T
NT12151	A615T
NT12152	A615T
NT12153	A615T
NT12154	A615T
NT12156	A615T
NT12157	A615T
NT12158	A615T
NT12159	A615T
NT12160	A615T
NT12161	A615T
NT12162	A615T
NT12163	A615T
NT12164	A615T
NT12165	A615T
NT12166	A615T
NT12167	A615T
NT12168	A615T
NT12169	A615T
NT12170	A615T
NT12171	A615T
NT12172	A615T
NT12173	A615T
NT12174	A615T
NT12175	A615T
NT12176	A615T
NT12177	A615T
NT12178	A615T
NT12179	A615T
NT12180	A209V
NT12181	A209V
NT12182	A209V
NT12183	A209V
NT12184	A209V
NT12186	A209V
NT12187	A209V
NT12188	A209V
NT12189	A209V
NT12190	A209V
NT12192	A615T
NT12192	T324I
NT12193	A615T
NT12195	A688V
NT12195	A615T
NT12197	A615T
NT12210	A615T
NT12211	A615T
NT12212	A615T
NT12213	A615T
NT12215	A615T
NT12217	A615T
NT12218	A615T
NT12219	A615T
NT12220	A615T
NT12221	A615T
NT12223	A615T
NT12224	A615T
NT12226	A615T
NT12232	A615T
NT12233	A615T
NT12262	A615T
NT12285	A615T
NT12286	A615T
NT12292	A615T
NT12299	A615T
NT12302	A615T
NT12305	A615T
NT12306	A615T
NT12309	A615T
NT12310	A615T
NT12311	A615T
NT12314	A615T
NT12325	A615T
NT12326	A615T
NT12328	A615T
NT12331	A615T
NT12338	A615T
NT12340	A615T
NT12340	T324I
NT12341	A615T
NT12342	A615T
NT12342	T324I
NT12353	A615T
NT12355	A615T
NT12359	A615T
NT12362	A615T
NT12367	A615T
NT12387	A713V
NT12388	A713V
NT12389	A713V
NT12390	A713V
NT12391	A713V
NT12392	A615T
NT12396	A615T
NT12406	A615T
NT12407	A615T
NT12422	A615T
NT12424	A615T
NT12425	A615T
NT12432	A615T
NT12435	A615T
NT12448	A615T
NT12451	A615T
NT12452	A615T
NT12453	A615T
NT12454	A615T
NT12457	A688T
NT12457	A615T
NT12458	A615T
NT12460	A615T
NT12532	A615T
NT12533	A615T
NT12552	A615T
NT12553	A615T
NT12554	A615T
NT12558	A615T
NT12559	A615T
NT12560	A615T
NT12561	A615T
NT12562	A615T
NT12564	S383A
NT12564	L273I
NT12576	A874T
NT12576	V595I
NT12577	A615T
NT12586	A615T
NT12587	A615T
NT12588	A615T
NT12590	A615T
NT12591	A615T
NT12592	A615T
NT12594	A615T
NT12595	A615T
NT12596	A615T
NT12596	E314A
NT12597	A615T
NT12598	A615T
NT12599	A615T
NT12600	A615T
NT12601	A615T
NT12602	A615T
NT12603	A615T
NT12604	A615T
NT12605	A615T
NT12606	A615T
NT12607	A615T
NT12608	A615T
NT12609	A615T
NT12611	A615T
NT12612	A615T
NT12614	A615T
NT12615	A615T
NT12616	A615T
NT12749	S233F
NT12772	S233F
NT12773	S233F
NT12789	E102A
NT12796	S233F
NT12797	S233F
NT12812	E102A
NT12813	E102A
NT12820	S233F
NT12821	S233F
NT12844	S233F
NT12845	S233F
NT12861	I712L
NT12861	E102A
NT12865	H691R
NT12868	S233F
NT12869	S233F
NT12879	A214T
NT12885	E102A
