NT12012	N78S
NT12015	T129S
NT12015	V80I
NT12015	R72S
NT12015	R49H
NT12027	T127S
NT12032	N78S
NT12032	V12G
NT12058	T129S
NT12058	V80I
NT12060	V40A
NT12072	K125Q
NT12072	G115A
NT12102	T129S
NT12102	V80I
NT12102	R72S
NT12135	D48G
NT12147	T129S
NT12147	V80I
NT12196	T129S
NT12196	V80I
NT12196	R72S
NT12196	R49H
NT12213	R49H
NT12288	T129S
NT12288	V80I
NT12288	R72H
NT12303	T129S
NT12303	V80I
NT12319	Q110R
NT12326	G27V
NT12347	Q110R
NT12364	E150D
NT12365	V80I
NT12372	T129S
NT12372	V80I
NT12400	E158D
NT12423	K125Q
NT12423	G115A
NT12537	N78S
NT12537	V12G
NT12538	T129S
NT12538	V80I
NT12538	R72H
NT12556	R166S
NT12564	Q122H
NT12564	A121T
NT12565	V75E
NT12578	T129S
NT12578	V80I
NT12578	R72S
NT12584	E150D
NT12584	H58Y
NT12821	K52E
