NT12007	D226N
NT12007	D221G
NT12007	V215I
NT12007	D109N
NT12010	D226N
NT12010	D221G
NT12010	V215I
NT12010	D109N
NT12011	D226N
NT12011	V215I
NT12011	D109N
NT12016	D226N
NT12016	D221G
NT12016	V215I
NT12016	D109N
NT12025	Y11H
NT12045	F14L
NT12048	D226N
NT12048	D221G
NT12048	V215I
NT12048	D109N
NT12054	D109N
NT12055	D109N
NT12056	D109N
NT12057	D109N
NT12064	D109N
NT12068	D226N
NT12068	D221G
NT12068	V215I
NT12068	D109N
NT12069	D109N
NT12070	D226N
NT12070	D221G
NT12070	V215I
NT12070	D109N
NT12073	D226N
NT12073	D221G
NT12073	V215I
NT12073	D109N
NT12075	D109N
NT12076	D109N
NT12079	D226N
NT12079	D221G
NT12079	V215I
NT12079	D109N
NT12081	D109N
NT12082	D226N
NT12082	D221G
NT12082	V215I
NT12082	D109N
NT12089	D109N
NT12092	D226N
NT12092	D221G
NT12092	V215I
NT12092	D109N
NT12096	D226N
NT12096	D221G
NT12096	V215I
NT12096	D109N
NT12097	D109N
NT12102	A222V
NT12107	L4P
NT12115	D168G
NT12133	D109N
NT12135	D109N
NT12136	D109N
NT12136	V65D
NT12140	A146V
NT12143	D109N
NT12144	D109N
NT12145	D226N
NT12145	D221G
NT12145	V215I
NT12145	D109N
NT12146	D109N
NT12148	D109N
NT12150	D226N
NT12150	D221G
NT12150	V215I
NT12150	D109N
NT12151	D226N
NT12151	D221G
NT12151	V215I
NT12151	D109N
NT12152	D109N
NT12153	D109N
NT12154	D109N
NT12156	D109N
NT12157	D109N
NT12158	D109N
NT12159	D109N
NT12160	D109N
NT12161	D226N
NT12161	V215I
NT12161	D109N
NT12162	D109N
NT12163	D109N
NT12164	D109N
NT12165	D226N
NT12165	D221G
NT12165	V215I
NT12165	D109N
NT12165	D67G
NT12166	D109N
NT12167	D109N
NT12168	D109N
NT12169	D226N
NT12169	D221G
NT12169	V215I
NT12169	D109N
NT12170	D109N
NT12171	D109N
NT12172	D109N
NT12173	D109N
NT12174	R149H
NT12174	D109N
NT12175	D109N
NT12176	D109N
NT12177	D109N
NT12178	D109N
NT12179	D109N
NT12192	D226N
NT12192	D221G
NT12192	V215I
NT12192	D109N
NT12193	D109N
NT12195	D109N
NT12197	D226N
NT12197	V215I
NT12197	D109N
NT12210	D109N
NT12211	D109N
NT12212	D109N
NT12213	D226N
NT12213	V215I
NT12213	D109N
NT12215	D109N
NT12217	D109N
NT12218	D109N
NT12219	D226N
NT12219	D221G
NT12219	V215I
NT12219	D109N
NT12220	D226N
NT12220	D221G
NT12220	V215I
NT12220	D109N
NT12221	D226N
NT12221	D221G
NT12221	V215I
NT12221	D109N
NT12223	D109N
NT12224	D109N
NT12226	D226N
NT12226	D221G
NT12226	V215I
NT12226	D109N
NT12232	D226N
NT12232	D221G
NT12232	V215I
NT12232	D109N
NT12233	D226N
NT12233	D221G
NT12233	V215I
NT12233	D109N
NT12262	D109N
NT12285	D109N
NT12286	D109N
NT12288	D154E
NT12292	D109N
NT12299	D226N
NT12299	D221G
NT12299	V215I
NT12299	D109N
NT12302	D226N
NT12302	V215I
NT12302	D109N
NT12305	D226N
NT12305	V215I
NT12305	D109N
NT12306	D226N
NT12306	V215I
NT12306	D109N
NT12309	D109N
NT12310	D109N
NT12311	D226N
NT12311	V215I
NT12311	D109N
NT12314	D226N
NT12314	D221G
NT12314	V215I
NT12314	D109N
NT12325	D109N
NT12326	D226N
NT12326	D221G
NT12326	V215I
NT12326	D109N
NT12328	D109N
NT12331	D109N
NT12338	D226N
NT12338	D221G
NT12338	V215I
NT12338	D109N
NT12340	D226N
NT12340	D221G
NT12340	V215I
NT12340	D109N
NT12341	D109N
NT12342	D226N
NT12342	D221G
NT12342	V215I
NT12342	D109N
NT12353	D226N
NT12353	D221G
NT12353	V215I
NT12353	D109N
NT12355	D109N
NT12359	V215I
NT12359	D109N
NT12362	D226N
NT12362	V215I
NT12362	D109N
NT12367	D226N
NT12367	V215I
NT12367	D109N
NT12392	D226N
NT12392	V215I
NT12392	D109N
NT12396	D226N
NT12396	D221G
NT12396	V215I
NT12396	D109N
NT12406	D226N
NT12406	V215I
NT12406	D109N
NT12407	D109N
NT12422	D109N
NT12424	D109N
NT12425	D226N
NT12425	V215I
NT12425	D109N
NT12432	D226N
NT12432	V215I
NT12432	D109N
NT12435	D109N
NT12448	D226N
NT12448	V215I
NT12448	D109N
NT12451	D109N
NT12452	D109N
NT12453	D226N
NT12453	D221G
NT12453	V215I
NT12453	D109N
NT12454	D109N
NT12457	D226N
NT12457	D221G
NT12457	V215I
NT12457	D109N
NT12458	D109N
NT12460	D226N
NT12460	D221G
NT12460	V215I
NT12460	D109N
NT12532	D226N
NT12532	V215I
NT12532	D109N
NT12533	D109N
NT12538	D154E
NT12552	D226N
NT12552	V215I
NT12552	D109N
NT12553	D226N
NT12553	D221G
NT12553	V215I
NT12553	D109N
NT12558	D226N
NT12558	V215I
NT12559	D226N
NT12559	D221G
NT12559	V215I
NT12559	D109N
NT12560	D226N
NT12560	V215I
NT12560	D109N
NT12561	D109N
NT12562	D109N
NT12577	D226N
NT12577	V215I
NT12577	D109N
NT12586	D226N
NT12586	V215I
NT12586	D109N
NT12587	D109N
NT12588	D226N
NT12588	V215I
NT12588	D109N
NT12590	D109N
NT12591	D109N
NT12592	D226N
NT12592	D221G
NT12592	V215I
NT12592	D109N
NT12593	L72Q
NT12594	D109N
NT12596	D226N
NT12596	V215I
NT12596	D109N
NT12596	T18A
NT12597	D226N
NT12597	V215I
NT12597	D109N
NT12598	D109N
NT12599	G197S
NT12599	D109N
NT12600	D109N
NT12601	D109N
NT12602	D226N
NT12602	V215I
NT12602	D109N
NT12603	D109N
NT12604	D226N
NT12604	D221G
NT12604	V215I
NT12604	D109N
NT12605	D109N
NT12606	D226N
NT12606	V215I
NT12606	D109N
NT12607	D226N
NT12607	D221G
NT12607	V215I
NT12607	D109N
NT12608	D109N
NT12609	D226N
NT12609	V215I
NT12609	D109N
NT12610	D109N
NT12611	D109N
NT12614	D109N
NT12615	D109N
NT12616	D226N
NT12616	D221G
NT12616	V215I
NT12616	D109N
NT12618	L72Q
NT12769	F89L
NT12782	G49D
NT12783	G49D
NT12806	G49D
NT12807	G49D
NT12830	G49D
NT12831	G49D
NT12854	G49D
NT12855	G49D
NT12878	G49D
NT12879	G49D
