NT12012	A2V
NT12015	Q87R
NT12026	A44S
NT12026	T31M
NT12031	Y34H
NT12033	A44S
NT12033	T31M
NT12038	A44S
NT12038	T31M
NT12039	A44S
NT12039	T31M
NT12040	A44S
NT12040	T31M
NT12042	A2T
NT12043	A2T
NT12044	T102I
NT12044	A2T
NT12045	T102I
NT12045	A2T
NT12052	D104N
NT12052	Q85P
NT12052	V41L
NT12052	T31M
NT12054	Q85P
NT12055	Q85P
NT12056	Q85P
NT12057	Q85P
NT12060	V41L
NT12061	D104N
NT12061	Q85P
NT12061	V41L
NT12061	T31M
NT12064	Q85P
NT12065	S7T
NT12065	A2T
NT12066	S7T
NT12066	A2T
NT12074	T102I
NT12074	A2T
NT12083	T102I
NT12083	A2T
NT12084	T102I
NT12084	A2T
NT12085	T102I
NT12085	A2T
NT12086	T102I
NT12086	A2T
NT12087	T102I
NT12087	A2T
NT12088	T102I
NT12088	A2T
NT12090	T102I
NT12090	A2T
NT12091	A2V
NT12098	T102I
NT12098	A2T
NT12099	T102I
NT12099	A2T
NT12100	A44S
NT12100	T31M
NT12102	A44S
NT12102	T31M
NT12105	T102I
NT12105	A2T
NT12113	A44S
NT12113	T31M
NT12115	T102I
NT12115	A2T
NT12118	T102I
NT12118	A2T
NT12120	A44S
NT12120	T31M
NT12121	V41L
NT12124	S7T
NT12124	A2T
NT12127	S7T
NT12127	A2T
NT12130	D104N
NT12130	T31M
NT12132	D104N
NT12132	Q85P
NT12132	V41L
NT12132	T31M
NT12133	Q85P
NT12136	Q85P
NT12138	T102I
NT12138	A2T
NT12139	T102I
NT12139	A2T
NT12140	T102I
NT12140	A2T
NT12155	D104N
NT12155	Q85P
NT12155	V41L
NT12155	T31M
NT12161	A2V
NT12191	Q85P
NT12195	A2T
NT12196	Q87R
NT12204	D104N
NT12204	Q85P
NT12204	V41L
NT12204	T31M
NT12205	D104N
NT12205	Q85P
NT12205	V41L
NT12205	T31M
NT12230	A2V
NT12288	L76S
NT12294	D104N
NT12294	Q85P
NT12294	V41L
NT12294	T31M
NT12302	A2V
NT12303	L76S
NT12315	T102I
NT12315	T100I
NT12315	A2T
NT12319	T102I
NT12319	A2T
NT12320	T102I
NT12320	A2T
NT12321	T102I
NT12321	A2T
NT12327	A44S
NT12327	T31M
NT12329	D104N
NT12329	Q85P
NT12329	V41L
NT12329	T31M
NT12330	H106Y
NT12333	S7T
NT12333	A2T
NT12334	T102I
NT12334	A2T
NT12335	T102I
NT12335	A2T
NT12336	T102I
NT12336	A2T
NT12337	T102I
NT12337	A2T
NT12346	T102I
NT12346	A2T
NT12347	T102I
NT12347	A2T
NT12358	T102I
NT12358	A2T
NT12360	T102I
NT12360	A2T
NT12361	T102I
NT12361	A2T
NT12363	T102I
NT12363	A2T
NT12364	V41L
NT12365	Q83R
NT12365	A44S
NT12365	T31M
NT12370	A2T
NT12378	A2T
NT12384	A2T
NT12387	T102I
NT12387	A2T
NT12388	T102I
NT12388	A2T
NT12389	T102I
NT12389	A2T
NT12390	T102I
NT12390	A2T
NT12391	T102I
NT12391	A2T
NT12392	R6H
NT12392	A2V
NT12393	V41L
NT12394	S61N
NT12398	A2T
NT12404	T102I
NT12404	A2T
NT12412	D104N
NT12412	Q85P
NT12412	V41L
NT12412	T31M
NT12418	T102I
NT12418	A2T
NT12422	L8R
NT12425	A2V
NT12427	T102I
NT12427	A2T
NT12429	T102I
NT12429	A2T
NT12442	T102I
NT12442	A2T
NT12447	V41L
NT12459	T102I
NT12459	A2T
NT12531	T102I
NT12531	A2T
NT12534	S7T
NT12534	A2T
NT12535	A2T
NT12536	N72K
NT12536	A44S
NT12536	T31M
NT12537	A2V
NT12538	L76S
NT12548	T102I
NT12548	A2T
NT12551	S7T
NT12551	A2T
NT12556	A2T
NT12557	T102I
NT12557	A2T
NT12564	S18T
NT12564	A2T
NT12566	T102I
NT12566	A2T
NT12567	T102I
NT12567	A2T
NT12569	D104N
NT12569	Q85P
NT12569	V41L
NT12569	T31M
NT12570	A44S
NT12570	T31M
NT12571	Q85P
NT12571	I73N
NT12571	T31M
NT12571	A2T
NT12572	S7T
NT12572	A2T
NT12573	T102I
NT12573	A2T
NT12576	N70H
NT12576	Y34H
NT12579	S7T
NT12579	A2T
NT12580	T102I
NT12580	A2T
NT12581	T102I
NT12581	A2T
NT12582	T102I
NT12582	A2T
NT12583	S7T
NT12583	A2T
NT12589	S7T
NT12589	A2T
NT12602	A2V
NT12617	T102I
NT12617	A2T
