NT12007	N159H
NT12007	N186S
NT12010	N159H
NT12010	N186S
NT12011	N159H
NT12011	N186S
NT12016	N159H
NT12016	N186S
NT12032	E170Q
NT12040	E170Q
NT12042	T70M
NT12043	T70M
NT12048	N159H
NT12048	N186S
NT12052	H97R
NT12052	N159H
NT12052	R194C
NT12052	V214I
NT12054	H97R
NT12054	R194H
NT12056	H97R
NT12056	R194H
NT12057	H97R
NT12057	R194H
NT12060	V66A
NT12061	H97R
NT12061	N159H
NT12061	R194C
NT12061	V214I
NT12064	H97R
NT12064	R194H
NT12068	N159H
NT12068	N186S
NT12069	N159H
NT12069	N186S
NT12070	N159H
NT12070	N186S
NT12073	N159H
NT12073	N186S
NT12075	N159H
NT12075	N186S
NT12076	N159H
NT12076	N186S
NT12081	N159H
NT12081	N186S
NT12082	N159H
NT12082	N186S
NT12085	V18I
NT12085	T70M
NT12088	T70M
NT12089	N159H
NT12089	N186S
NT12092	N159H
NT12092	N186S
NT12096	N159H
NT12096	N186S
NT12097	N159H
NT12097	N186S
NT12099	A17T
NT12099	T70M
NT12099	G163D
NT12101	I32F
NT12102	F110Y
NT12115	V35G
NT12121	V66A
NT12130	N159H
NT12132	H97R
NT12132	N159H
NT12132	R194C
NT12132	V214I
NT12133	H97R
NT12133	R194H
NT12134	T158I
NT12135	N159H
NT12135	N186S
NT12136	H97R
NT12136	R194H
NT12143	N159H
NT12143	N186S
NT12144	N159H
NT12144	N186S
NT12145	N159H
NT12145	N186S
NT12146	N159H
NT12146	N186S
NT12146	V214I
NT12148	N159H
NT12148	N186S
NT12150	N159H
NT12150	D184N
NT12151	N159H
NT12151	N186S
NT12152	N159H
NT12152	N186S
NT12153	N159H
NT12153	N186S
NT12154	N159H
NT12154	N186S
NT12155	H97R
NT12155	N159H
NT12155	R194C
NT12155	V214I
NT12156	N159H
NT12156	N186S
NT12157	N159H
NT12157	N186S
NT12158	N159H
NT12158	N186S
NT12159	N159H
NT12159	N186S
NT12160	N159H
NT12160	N186S
NT12161	N159H
NT12161	N186S
NT12161	R194L
NT12162	N159H
NT12162	N186S
NT12163	N159H
NT12163	N186S
NT12164	N159H
NT12164	N186S
NT12165	N159H
NT12165	N186S
NT12166	N159H
NT12166	N186S
NT12167	N159H
NT12167	N186S
NT12168	N159H
NT12168	N186S
NT12169	N159H
NT12169	N186S
NT12170	N159H
NT12170	N186S
NT12171	N159H
NT12171	N186S
NT12172	N159H
NT12172	N186S
NT12173	N159H
NT12173	N186S
NT12174	N159H
NT12174	N186S
NT12175	N159H
NT12175	N186S
NT12176	N159H
NT12176	N186S
NT12177	N159H
NT12177	N186S
NT12178	N159H
NT12178	N186S
NT12179	N159H
NT12179	N186S
NT12191	V66A
NT12192	N159H
NT12192	N186S
NT12193	N159H
NT12193	N186S
NT12195	N159H
NT12195	N186S
NT12197	E58K
NT12197	N159H
NT12204	H97R
NT12204	N159H
NT12204	R194C
NT12204	V214I
NT12205	H97R
NT12205	N159H
NT12205	R194C
NT12205	V214I
NT12210	N159H
NT12210	N186S
NT12211	N159H
NT12211	N186S
NT12212	N159H
NT12212	N186S
NT12213	N159H
NT12213	N186S
NT12215	N159H
NT12215	N186S
NT12217	N159H
NT12217	N186S
NT12218	N159H
NT12218	N186S
NT12219	N159H
NT12219	N186S
NT12220	N159H
NT12220	N186S
NT12221	N159H
NT12221	N186S
NT12223	N159H
NT12223	N186S
NT12224	N159H
NT12224	N186S
NT12226	N159H
NT12226	N186S
NT12232	N159H
NT12232	N186S
NT12233	N159H
NT12233	N186S
NT12257	E170Q
NT12262	N159H
NT12262	N186S
NT12285	N159H
NT12285	N186S
NT12286	N159H
NT12286	N186S
NT12292	N159H
NT12292	N186S
NT12294	H97R
NT12294	N159H
NT12294	R194C
NT12294	V214I
NT12299	N159H
NT12299	N186S
NT12302	N159H
NT12305	N159H
NT12305	N186S
NT12306	N159H
NT12306	N186S
NT12309	N159H
NT12309	N186S
NT12310	N159H
NT12310	N186S
NT12311	E58K
NT12311	N159H
NT12314	N159H
NT12314	D184N
NT12315	A17T
NT12315	T70M
NT12325	N159H
NT12325	N186S
NT12326	N159H
NT12326	N186S
NT12328	N159H
NT12328	N186S
NT12329	H97R
NT12329	N159H
NT12329	R194C
NT12329	V214I
NT12331	N159H
NT12331	N186S
NT12338	N159H
NT12338	N186S
NT12340	N159H
NT12340	N186S
NT12341	N159H
NT12341	N186S
NT12342	N159H
NT12342	N186S
NT12353	N159H
NT12353	N186S
NT12355	N159H
NT12355	N186S
NT12359	N159H
NT12359	N186S
NT12362	N159H
NT12362	N186S
NT12363	V83L
NT12367	E58K
NT12367	N159H
NT12378	T70M
NT12384	T70M
NT12392	E58K
NT12392	N159H
NT12393	V66A
NT12394	E58K
NT12394	H97R
NT12394	N159H
NT12396	N159H
NT12396	N186S
NT12398	T70M
NT12406	N159H
NT12407	N159H
NT12407	N186S
NT12412	H97R
NT12412	N159H
NT12412	R194C
NT12412	V214I
NT12422	N159H
NT12422	N186S
NT12423	E64D
NT12424	N159H
NT12424	N186S
NT12425	N159H
NT12432	N159H
NT12432	N186S
NT12435	N159H
NT12435	N186S
NT12447	E170D
NT12448	N159H
NT12448	N186S
NT12451	N159H
NT12451	N186S
NT12452	N159H
NT12452	N186S
NT12453	N159H
NT12453	N186S
NT12454	N159H
NT12454	N186S
NT12457	N159H
NT12457	N186S
NT12458	G11S
NT12458	N159H
NT12458	N186S
NT12460	G107S
NT12460	N159H
NT12460	N186S
NT12532	E58K
NT12532	N159H
NT12533	N159H
NT12533	N186S
NT12537	E170Q
NT12545	E170Q
NT12552	E58K
NT12552	N159H
NT12553	N159H
NT12553	N186S
NT12554	N159H
NT12554	N186S
NT12556	Q195K
NT12558	E58K
NT12558	N159H
NT12559	N159H
NT12559	N186S
NT12560	E58K
NT12560	N159H
NT12561	N159H
NT12561	N186S
NT12562	N159H
NT12562	N186S
NT12569	H97R
NT12569	N159H
NT12569	R194C
NT12569	V214I
NT12576	R213S
NT12577	E58K
NT12577	N159H
NT12586	E58K
NT12586	N159H
NT12587	N159H
NT12587	N186S
NT12588	E58K
NT12588	N159H
NT12590	N159H
NT12590	N186S
NT12591	N159H
NT12591	N186S
NT12592	N159H
NT12592	N186S
NT12593	I189V
NT12594	N159H
NT12594	N186S
NT12595	N159H
NT12595	N186S
NT12596	N159H
NT12597	E58K
NT12597	N159H
NT12598	N159H
NT12598	N186S
NT12599	N159H
NT12599	N186S
NT12600	N159H
NT12600	N186S
NT12601	N159H
NT12601	N186S
NT12602	E58K
NT12602	N159H
NT12603	N159H
NT12603	N186S
NT12604	N159H
NT12604	N186S
NT12605	N159H
NT12605	N186S
NT12606	E58K
NT12606	N159H
NT12607	N159H
NT12607	N186S
NT12608	N159H
NT12608	N186S
NT12609	E58K
NT12609	N159H
NT12610	N159H
NT12610	N186S
NT12611	N159H
NT12611	N186S
NT12612	N159H
NT12612	N186S
NT12614	N159H
NT12614	N186S
NT12615	N159H
NT12615	N186S
NT12616	N159H
NT12616	D184N
NT12617	V18I
NT12617	T70M
NT12618	I189V
NT12815	S19R
NT12839	S19R
NT12862	S19R
NT12863	S19R
