NT12015	M84L
NT12020	P66L
NT12020	M84L
NT12033	M84L
NT12052	M84L
NT12058	M84L
NT12060	M84L
NT12061	M84L
NT12062	M84L
NT12065	V4I
NT12065	M84L
NT12066	V4I
NT12066	M84L
NT12072	V4I
NT12072	M84L
NT12091	M84L
NT12099	T5I
NT12102	M84L
NT12121	M84L
NT12124	M84L
NT12127	M84L
NT12132	M84L
NT12147	T5I
NT12147	M84L
NT12155	M84L
NT12191	M84L
NT12196	M84L
NT12204	M84L
NT12205	M84L
NT12288	T5I
NT12288	M84L
NT12294	M84L
NT12303	T5I
NT12303	M84L
NT12329	M84L
NT12330	M84L
NT12333	M84L
NT12364	M84L
NT12393	M84L
NT12394	M84L
NT12412	M84L
NT12423	V4I
NT12423	M84L
NT12447	E18G
NT12447	M84L
NT12534	M84L
NT12536	M84L
NT12538	T5I
NT12538	M84L
NT12551	M84L
NT12556	V4I
NT12557	H19P
NT12571	V4I
NT12571	M84L
NT12572	M84L
NT12575	M84L
NT12578	R3C
NT12578	M84L
NT12579	M84L
NT12583	M84L
NT12584	M84L
NT12585	M84L
NT12589	V4I
NT12589	C15Y
NT12589	M84L
NT12593	M84L
NT12618	M84L
NT12830	P60A
NT12831	P60A
NT12854	P60A
NT12855	P60A
NT12861	I69M
NT12878	P60A
NT12879	P60A
NT12885	I69M
