NT12005	R114C
NT12007	I10V
NT12010	G163D
NT12016	D90N
NT12026	A153V
NT12048	G163D
NT12052	L204M
NT12054	L204M
NT12054	A183V
NT12055	L204M
NT12055	A183V
NT12056	L204M
NT12056	A183V
NT12057	L204M
NT12057	A183V
NT12058	V185I
NT12060	L204M
NT12060	V185I
NT12060	A113T
NT12061	L204M
NT12064	L204M
NT12064	A183V
NT12065	V185I
NT12066	V185I
NT12068	G163D
NT12069	G163D
NT12070	G163D
NT12072	Q117E
NT12072	S109R
NT12072	E106G
NT12073	G163D
NT12076	G163D
NT12082	G163D
NT12089	A235T
NT12092	G163D
NT12096	G163D
NT12099	V185I
NT12119	T120N
NT12121	L204M
NT12121	V185I
NT12121	A113T
NT12124	V185I
NT12125	T120N
NT12127	V185I
NT12130	R181Q
NT12132	L204M
NT12133	L204M
NT12133	A183V
NT12136	L204M
NT12136	A183V
NT12143	A235T
NT12145	I10V
NT12147	T248I
NT12150	I10V
NT12151	G163D
NT12152	I10V
NT12153	A235T
NT12155	L204M
NT12157	A235T
NT12158	A235T
NT12161	M72I
NT12163	A235T
NT12165	G163D
NT12167	I10V
NT12168	G163D
NT12169	G163D
NT12174	G163D
NT12191	L204M
NT12191	V185I
NT12191	A113T
NT12192	G163D
NT12193	A235T
NT12194	A215V
NT12197	M72I
NT12204	L204M
NT12205	L204M
NT12210	G163D
NT12211	G163D
NT12212	G163D
NT12219	G163D
NT12220	G163D
NT12221	G163D
NT12223	A235T
NT12224	A235T
NT12226	G163D
NT12232	G163D
NT12233	G163D
NT12288	V185I
NT12292	A235T
NT12294	L204M
NT12299	G163D
NT12303	V185I
NT12311	M72I
NT12317	R114C
NT12320	T161M
NT12321	T161M
NT12329	L204M
NT12333	V185I
NT12338	G163D
NT12340	G163D
NT12342	G163D
NT12346	V185I
NT12346	A113T
NT12358	A205V
NT12364	V185I
NT12365	Q117E
NT12365	S109R
NT12365	E106G
NT12365	S103G
NT12365	A30S
NT12365	T31S
NT12367	M72I
NT12372	Q117E
NT12372	S109R
NT12372	E106G
NT12372	S103G
NT12372	A30S
NT12372	T31S
NT12382	M143I
NT12392	M72I
NT12393	L204M
NT12393	V185I
NT12393	A113T
NT12396	I10V
NT12398	M249T
NT12406	M72I
NT12412	L204M
NT12423	Q117E
NT12423	S109R
NT12423	E106G
NT12426	T40A
NT12435	V230L
NT12435	D90N
NT12442	V185I
NT12442	A113T
NT12453	G163D
NT12457	G163D
NT12532	M72I
NT12533	A235T
NT12534	V185I
NT12538	V185I
NT12545	M143I
NT12551	V185I
NT12552	M72I
NT12553	I10V
NT12556	L246P
NT12556	A131V
NT12558	M72I
NT12560	M72I
NT12564	S109N
NT12564	D102G
NT12566	V185I
NT12569	L204M
NT12571	V185I
NT12571	N2I
NT12572	V185I
NT12575	V185I
NT12577	M72I
NT12579	V185I
NT12583	V185I
NT12585	V185I
NT12586	M72I
NT12588	M72I
NT12589	V185I
NT12590	A235T
NT12592	G163D
NT12593	A183V
NT12593	R137S
NT12593	S109R
NT12593	E106G
NT12593	S103G
NT12596	M72I
NT12597	M72I
NT12600	A235T
NT12601	A235T
NT12602	M72I
NT12603	G163D
NT12604	G163D
NT12606	M72I
NT12607	G163D
NT12608	G163D
NT12609	M72I
NT12610	D90N
NT12611	A235T
NT12614	I10V
NT12615	A235T
NT12616	I10V
NT12618	A183V
NT12618	R137S
NT12618	S109R
NT12618	E106G
NT12618	S103G
NT12704	R114C
NT12768	R94C
NT12865	R94C
