NT12007	I187V
NT12040	G183S
NT12060	M248L
NT12090	F96L
NT12098	F96L
NT12121	M248L
NT12124	G72S
NT12124	H68N
NT12127	G72S
NT12127	H68N
NT12145	I187V
NT12164	L22F
NT12175	L22F
NT12176	L22F
NT12177	L22F
NT12178	L22F
NT12213	M248L
NT12215	L22F
NT12217	L22F
NT12218	L22F
NT12288	M248L
NT12303	M248L
NT12315	F96L
NT12333	G72S
NT12333	H68N
NT12346	F96L
NT12365	M248L
NT12387	F96L
NT12388	F96L
NT12389	F96L
NT12390	F96L
NT12391	F96L
NT12393	M248L
NT12400	V104A
NT12423	M248L
NT12447	M248L
NT12460	A112T
NT12534	G72S
NT12534	H68N
NT12538	M248L
NT12551	G72S
NT12551	H68N
NT12553	I187V
NT12556	M248L
NT12561	L22F
NT12564	M248L
NT12571	G72S
NT12571	H68N
NT12572	G72S
NT12572	H68N
NT12579	G72S
NT12579	H68N
NT12583	G72S
NT12583	H68N
NT12593	M248L
NT12595	F146C
NT12618	M248L
NT12782	T99A
NT12783	T99A
NT12806	T99A
NT12807	T99A
NT12812	L138R
NT12813	L138R
NT12830	T99A
NT12831	T99A
NT12839	D200A
NT12843	T163A
NT12854	T99A
NT12855	T99A
NT12861	L138R
NT12861	F96C
NT12862	D200A
NT12863	D200A
NT12867	T163A
NT12878	T99A
NT12879	T99A
NT12885	L138R
