NT12007	D97A
NT12007	T101I
NT12007	K170R
NT12010	D97A
NT12010	T101I
NT12010	K170R
NT12011	D97A
NT12011	K170R
NT12015	S2N
NT12016	D97A
NT12016	T101I
NT12016	K170R
NT12027	D79E
NT12048	D97A
NT12048	T101I
NT12048	K170R
NT12052	S50N
NT12054	S50N
NT12055	S50N
NT12056	S50N
NT12057	S50N
NT12060	S50N
NT12061	S50N
NT12062	S50N
NT12062	K170R
NT12064	S50N
NT12065	S50N
NT12066	S50N
NT12068	D97A
NT12068	T101I
NT12068	K170R
NT12069	D97A
NT12069	K170R
NT12070	D97A
NT12070	T101I
NT12070	K170R
NT12072	S50N
NT12072	K170R
NT12073	D97A
NT12073	T101I
NT12073	K170R
NT12075	D97A
NT12075	T101I
NT12075	K170R
NT12076	D97A
NT12076	K170R
NT12079	D97A
NT12079	T101I
NT12079	K170R
NT12081	D97A
NT12081	K170R
NT12082	D97A
NT12082	T101I
NT12082	K170R
NT12089	D97A
NT12089	T101I
NT12089	K170R
NT12092	D97A
NT12092	T101I
NT12092	K170R
NT12093	P213S
NT12096	D97A
NT12096	T101I
NT12096	K170R
NT12097	D97A
NT12097	T101I
NT12097	K170R
NT12101	D79E
NT12107	D79E
NT12115	A162S
NT12121	S50N
NT12124	S50N
NT12127	S50N
NT12128	D79E
NT12130	S50N
NT12131	D79E
NT12132	S50N
NT12133	S50N
NT12134	D79E
NT12135	D97A
NT12135	T101I
NT12135	K170R
NT12136	S50N
NT12137	D79E
NT12143	D97A
NT12143	T101I
NT12143	K170R
NT12144	D97A
NT12144	T101I
NT12144	K170R
NT12145	D97A
NT12145	T101I
NT12145	K170R
NT12146	D97A
NT12146	T101I
NT12146	K170R
NT12148	D97A
NT12148	K170R
NT12150	D97A
NT12150	T101I
NT12150	K170R
NT12151	D97A
NT12151	T101I
NT12151	K170R
NT12152	D97A
NT12152	T101I
NT12152	K170R
NT12153	D97A
NT12153	T101I
NT12153	K170R
NT12154	D97A
NT12154	T101I
NT12154	K170R
NT12155	S50N
NT12156	D97A
NT12156	T101I
NT12156	K170R
NT12157	D97A
NT12157	T101I
NT12157	K170R
NT12158	D97A
NT12158	T101I
NT12158	K170R
NT12159	D97A
NT12159	T101I
NT12159	K170R
NT12160	D97A
NT12160	T101I
NT12160	K170R
NT12161	D97A
NT12161	T101I
NT12161	K170R
NT12161	G295V
NT12162	D97A
NT12162	T101I
NT12162	K170R
NT12163	D97A
NT12163	T101I
NT12163	K170R
NT12164	D97A
NT12164	T101I
NT12164	K170R
NT12165	D97A
NT12165	T101I
NT12165	K170R
NT12166	D97A
NT12166	T101I
NT12166	K170R
NT12167	D97A
NT12167	T101I
NT12167	K170R
NT12168	D97A
NT12168	K170R
NT12169	D97A
NT12169	T101I
NT12169	K170R
NT12170	D97A
NT12170	T101I
NT12170	K170R
NT12171	D97A
NT12171	K170R
NT12172	D97A
NT12172	T101I
NT12172	K170R
NT12173	D97A
NT12173	T101I
NT12173	K170R
NT12174	D97A
NT12174	K170R
NT12175	D97A
NT12175	T101I
NT12175	K170R
NT12176	D97A
NT12176	T101I
NT12176	K170R
NT12177	D97A
NT12177	T101I
NT12177	K170R
NT12178	D97A
NT12178	T101I
NT12178	K170R
NT12179	D97A
NT12179	T101I
NT12179	K170R
NT12191	S50N
NT12192	D97A
NT12192	T101I
NT12192	K170R
NT12193	D97A
NT12193	T101I
NT12193	K170R
NT12195	D97A
NT12195	T101I
NT12195	P123L
NT12195	K170R
NT12196	S2N
NT12197	D97A
NT12197	T101I
NT12197	K170R
NT12199	D79E
NT12202	D79E
NT12204	S50N
NT12205	S50N
NT12210	D97A
NT12210	K170R
NT12211	D97A
NT12211	K170R
NT12212	D97A
NT12212	K170R
NT12213	D97A
NT12213	T101I
NT12213	K170R
NT12215	D97A
NT12215	T101I
NT12215	K170R
NT12217	D97A
NT12217	T101I
NT12217	K170R
NT12218	D97A
NT12218	T101I
NT12218	K170R
NT12219	D97A
NT12219	T101I
NT12219	K170R
NT12220	D97A
NT12220	T101I
NT12220	K170R
NT12221	D97A
NT12221	T101I
NT12221	K170R
NT12223	D97A
NT12223	T101I
NT12223	K170R
NT12224	D97A
NT12224	T101I
NT12224	K170R
NT12226	D97A
NT12226	T101I
NT12226	K170R
NT12232	D97A
NT12232	T101I
NT12232	K170R
NT12233	D97A
NT12233	T101I
NT12233	K170R
NT12257	D79E
NT12262	D97A
NT12262	T101I
NT12262	K170R
NT12285	D97A
NT12285	K170R
NT12286	D97A
NT12286	K170R
NT12292	D97A
NT12292	T101I
NT12292	K170R
NT12294	S50N
NT12299	D97A
NT12299	T101I
NT12299	K170R
NT12302	D97A
NT12302	T101I
NT12302	K170R
NT12305	D97A
NT12305	K170R
NT12306	D97A
NT12306	K170R
NT12309	D97A
NT12309	T101I
NT12309	K170R
NT12310	D97A
NT12310	T101I
NT12310	K170R
NT12311	D97A
NT12311	T101I
NT12311	K170R
NT12314	D97A
NT12314	T101I
NT12314	K170R
NT12325	D97A
NT12325	T101I
NT12325	K170R
NT12326	D97A
NT12326	T101I
NT12326	K170R
NT12328	D97A
NT12328	T101I
NT12328	K170R
NT12329	S50N
NT12330	S50N
NT12330	K170R
NT12331	D97A
NT12331	T101I
NT12331	K170R
NT12332	D79E
NT12333	S50N
NT12338	D97A
NT12338	T101I
NT12338	K170R
NT12340	D97A
NT12340	T101I
NT12340	K170R
NT12341	D97A
NT12341	K170R
NT12342	D97A
NT12342	T101I
NT12342	K170R
NT12353	D97A
NT12353	K170R
NT12355	T101I
NT12355	K170R
NT12359	D97A
NT12359	T101I
NT12359	K170R
NT12362	D97A
NT12362	K170R
NT12367	D97A
NT12367	T101I
NT12367	K170R
NT12370	M130I
NT12387	M130I
NT12388	M130I
NT12389	M130I
NT12390	M130I
NT12391	M130I
NT12392	E84K
NT12392	D97A
NT12392	T101I
NT12392	K170R
NT12393	S50N
NT12394	S50N
NT12396	D97A
NT12396	R104C
NT12396	K170R
NT12400	G295S
NT12406	D97A
NT12406	T101I
NT12406	K170R
NT12407	D97A
NT12407	T101I
NT12407	K170R
NT12412	S50N
NT12422	D97A
NT12422	T101I
NT12422	K170R
NT12423	S50N
NT12423	K170R
NT12424	D97A
NT12424	T101I
NT12424	K170R
NT12425	D97A
NT12425	T101I
NT12425	K170R
NT12432	D97A
NT12432	T101I
NT12432	K170R
NT12435	D97A
NT12435	T101I
NT12435	K170R
NT12447	S50N
NT12448	D97A
NT12448	T101I
NT12448	K170R
NT12451	D97A
NT12451	K170R
NT12452	D97A
NT12452	T101I
NT12452	K170R
NT12453	D97A
NT12453	T101I
NT12453	K170R
NT12454	D97A
NT12454	T101I
NT12454	K170R
NT12457	D97A
NT12457	T101I
NT12457	K170R
NT12458	D97A
NT12458	T101I
NT12458	K170R
NT12459	M130I
NT12460	D97A
NT12460	T101I
NT12460	K170R
NT12532	D97A
NT12532	T101I
NT12532	K170R
NT12533	D97A
NT12533	T101I
NT12533	K170R
NT12534	S50N
NT12539	D79E
NT12542	D79E
NT12542	G295S
NT12545	D79E
NT12549	D79E
NT12551	S50N
NT12552	D97A
NT12552	T101I
NT12552	K170R
NT12553	D97A
NT12553	T101I
NT12553	K170R
NT12554	D97A
NT12554	T101I
NT12554	K170R
NT12555	D79E
NT12556	S50N
NT12556	K170R
NT12558	D97A
NT12558	T101I
NT12558	K170R
NT12559	D97A
NT12559	T101I
NT12559	K170R
NT12560	D97A
NT12560	T101I
NT12560	K170R
NT12561	D97A
NT12561	T101I
NT12561	K170R
NT12562	D97A
NT12562	T101I
NT12562	K170R
NT12563	D79E
NT12565	D79E
NT12569	S50N
NT12571	S50N
NT12572	S50N
NT12577	D97A
NT12577	T101I
NT12577	K170R
NT12579	S50N
NT12583	S50N
NT12586	D97A
NT12586	T101I
NT12586	K170R
NT12587	D97A
NT12587	K170R
NT12588	D97A
NT12588	T101I
NT12588	K170R
NT12589	S50N
NT12590	D97A
NT12590	T101I
NT12590	K170R
NT12591	D97A
NT12591	T101I
NT12591	K170R
NT12592	D97A
NT12592	T101I
NT12592	K170R
NT12593	D97A
NT12593	K170R
NT12594	L251P
NT12595	D97A
NT12595	K170R
NT12596	D97A
NT12596	T101I
NT12596	K170R
NT12597	D97A
NT12597	T101I
NT12597	K170R
NT12598	D97A
NT12598	T101I
NT12598	K170R
NT12599	D97A
NT12599	T101I
NT12599	K170R
NT12600	D97A
NT12600	T101I
NT12600	K170R
NT12601	D97A
NT12601	T101I
NT12601	K170R
NT12602	D97A
NT12602	T101I
NT12602	K170R
NT12603	D97A
NT12603	K170R
NT12604	D97A
NT12604	T101I
NT12604	K170R
NT12605	D97A
NT12605	T101I
NT12605	K170R
NT12606	D97A
NT12606	T101I
NT12606	K170R
NT12607	D97A
NT12607	T101I
NT12607	K170R
NT12608	D97A
NT12608	K170R
NT12609	D97A
NT12609	T101I
NT12609	K170R
NT12610	D97A
NT12610	K170R
NT12611	D97A
NT12611	T101I
NT12611	K170R
NT12612	D97A
NT12612	T101I
NT12612	K170R
NT12614	D97A
NT12614	T101I
NT12614	K170R
NT12615	D97A
NT12615	T101I
NT12615	K170R
NT12616	D97A
NT12616	T101I
NT12616	K170R
NT12618	D97A
NT12618	K170R
NT12619	P213S
NT12813	S125R
