NT12005	R32H
NT12012	R24K
NT12031	A84V
NT12038	S69N
NT12039	S69N
NT12052	D93G
NT12061	D93G
NT12069	T34A
NT12069	S69R
NT12076	T34A
NT12090	R24K
NT12109	A105S
NT12116	C80S
NT12119	K68E
NT12125	K68E
NT12132	D93G
NT12152	A40V
NT12155	D93G
NT12168	T34A
NT12174	T34A
NT12204	D93G
NT12205	D93G
NT12210	T34A
NT12211	T34A
NT12212	T34A
NT12294	D93G
NT12308	R32H
NT12317	R32H
NT12327	S69N
NT12329	D93G
NT12372	A106V
NT12378	R24K
NT12384	R24K
NT12396	T52I
NT12398	R24K
NT12412	D93G
NT12414	S69N
NT12420	S69N
NT12423	A106V
NT12457	T34A
NT12460	A21S
NT12564	T71M
NT12569	D93G
NT12574	R32H
NT12589	R50H
NT12603	T34A
NT12608	T34A
NT12704	R32H
NT12843	A44S
NT12867	A44S
NT12878	T25A
