NT12007	N85S
NT12010	N85S
NT12011	N85S
NT12012	D15N
NT12016	N85S
NT12020	V11I
NT12038	D15N
NT12039	D15N
NT12040	S29A
NT12048	N85S
NT12068	N85S
NT12069	N85S
NT12070	N85S
NT12072	Y32H
NT12073	N85S
NT12075	N85S
NT12076	N85S
NT12081	N85S
NT12082	N85S
NT12086	D15N
NT12087	D15N
NT12089	N85S
NT12092	N85S
NT12096	N85S
NT12097	N85S
NT12105	D15N
NT12115	D15N
NT12115	N35S
NT12135	N85S
NT12138	D15N
NT12139	D15N
NT12140	D15N
NT12143	N85S
NT12144	N85S
NT12145	N85S
NT12147	T88K
NT12148	N85S
NT12150	N85S
NT12151	N85S
NT12152	N85S
NT12153	N85S
NT12154	N85S
NT12156	N85S
NT12157	N85S
NT12158	N85S
NT12159	N85S
NT12160	N85S
NT12161	N85S
NT12162	N85S
NT12163	N85S
NT12164	N85S
NT12165	N85S
NT12166	N85S
NT12167	N85S
NT12168	N85S
NT12169	N85S
NT12170	N85S
NT12171	N85S
NT12172	N85S
NT12173	N85S
NT12174	N85S
NT12175	N85S
NT12176	N85S
NT12177	N85S
NT12178	N85S
NT12179	N85S
NT12192	N85S
NT12193	N85S
NT12197	N85S
NT12210	N85S
NT12211	N85S
NT12212	N85S
NT12213	N85S
NT12215	N85S
NT12217	N85S
NT12218	N85S
NT12219	N85S
NT12220	N85S
NT12221	N85S
NT12223	N85S
NT12224	N85S
NT12226	N85S
NT12230	D15N
NT12232	N85S
NT12233	N85S
NT12262	N85S
NT12285	N85S
NT12286	N85S
NT12292	N85S
NT12299	N85S
NT12302	N85S
NT12305	S13F
NT12305	N85S
NT12306	S13F
NT12306	N85S
NT12309	N85S
NT12310	N85S
NT12311	N85S
NT12314	N85S
NT12320	D15N
NT12321	D15N
NT12325	N85S
NT12326	N85S
NT12327	D15N
NT12328	N85S
NT12331	N85S
NT12334	D15N
NT12336	D15N
NT12338	N85S
NT12340	N85S
NT12341	N85S
NT12342	N85S
NT12353	N85S
NT12355	N85S
NT12359	N85S
NT12360	D15N
NT12362	N85S
NT12367	N85S
NT12392	N85S
NT12396	N85S
NT12406	N85S
NT12407	N85S
NT12414	D15N
NT12420	D15N
NT12422	N85S
NT12423	Y32H
NT12424	N85S
NT12425	N85S
NT12429	S38T
NT12432	N85S
NT12435	N85S
NT12448	N85S
NT12451	N85S
NT12452	N85S
NT12453	N85S
NT12454	N85S
NT12457	N85S
NT12458	N85S
NT12460	N85S
NT12532	N85S
NT12533	N85S
NT12548	D15N
NT12552	N85S
NT12553	N85S
NT12554	N85S
NT12556	Y32H
NT12558	N85S
NT12559	N85S
NT12560	N85S
NT12561	N85S
NT12562	N85S
NT12567	D15N
NT12573	D15N
NT12577	N85S
NT12580	D15N
NT12581	D15N
NT12586	N85S
NT12587	N85S
NT12588	N85S
NT12590	N85S
NT12591	N85S
NT12592	N85S
NT12593	N35S
NT12594	N85S
NT12595	N85S
NT12596	N85S
NT12597	N85S
NT12598	N85S
NT12599	N85S
NT12600	N85S
NT12601	N85S
NT12602	N85S
NT12603	N85S
NT12604	N85S
NT12605	N85S
NT12606	N85S
NT12607	N85S
NT12608	N85S
NT12609	N85S
NT12610	N85S
NT12611	N85S
NT12612	N85S
NT12614	N85S
NT12615	N85S
NT12616	N85S
NT12618	N35S
