NT12006	E27K
NT12010	E212Q
NT12042	P209L
NT12043	P209L
NT12048	E212Q
NT12068	E212Q
NT12070	E212Q
NT12073	E212Q
NT12079	E212Q
NT12082	E212Q
NT12092	E212Q
NT12096	E212Q
NT12101	G79E
NT12144	D34E
NT12151	E212Q
NT12152	P209S
NT12154	E212Q
NT12159	E212Q
NT12160	E212Q
NT12161	E212Q
NT12164	E212Q
NT12165	E212Q
NT12167	P209S
NT12169	E212Q
NT12170	E212Q
NT12172	E212Q
NT12173	E212Q
NT12175	E212Q
NT12176	E212Q
NT12177	E212Q
NT12178	E212Q
NT12179	E212Q
NT12180	E27K
NT12181	E27K
NT12182	E27K
NT12183	E27K
NT12184	E27K
NT12186	E27K
NT12187	E27K
NT12188	E27K
NT12189	E27K
NT12190	E27K
NT12192	E212Q
NT12196	P209S
NT12215	E212Q
NT12217	E212Q
NT12218	E212Q
NT12219	E212Q
NT12220	E212Q
NT12221	E212Q
NT12226	E212Q
NT12232	E212Q
NT12233	E212Q
NT12288	D16G
NT12299	E212Q
NT12303	D16G
NT12314	H31Y
NT12331	E212Q
NT12338	E212Q
NT12340	E212Q
NT12342	E212Q
NT12359	P209S
NT12372	E27K
NT12392	E212Q
NT12400	V180L
NT12406	P209S
NT12453	E212Q
NT12454	T38I
NT12460	E212Q
NT12538	D16G
NT12561	E212Q
NT12562	E212Q
NT12564	K77N
NT12571	T170I
NT12591	E212Q
NT12592	E212Q
NT12593	D34E
NT12596	E212Q
NT12598	E212Q
NT12602	E203D
NT12604	E212Q
NT12605	E212Q
NT12607	E212Q
NT12610	E212Q
NT12612	E212Q
NT12614	P209S
NT12618	D34E
NT12885	L98F
