NT12007	V411M
NT12007	V398I
NT12010	V411M
NT12011	V411M
NT12016	V411M
NT12048	V411M
NT12048	V247A
NT12052	I405V
NT12054	I405V
NT12055	I405V
NT12056	I405V
NT12057	I405V
NT12058	D359N
NT12060	S410G
NT12061	I405V
NT12062	L408M
NT12064	I405V
NT12065	L408M
NT12066	L408M
NT12068	V411M
NT12069	V411M
NT12070	V411M
NT12070	V247A
NT12073	V411M
NT12075	V411M
NT12076	V411M
NT12079	V411M
NT12081	V411M
NT12081	P261L
NT12082	V411M
NT12088	L175M
NT12089	V411M
NT12092	V411M
NT12096	V411M
NT12097	V411M
NT12121	S410G
NT12124	L408M
NT12127	L408M
NT12130	V411M
NT12132	I405V
NT12133	I405V
NT12135	V411M
NT12136	I405V
NT12138	V275M
NT12143	V411M
NT12144	V411M
NT12145	V411M
NT12145	V398I
NT12146	V411M
NT12147	D359N
NT12148	V411M
NT12151	V411M
NT12152	V411M
NT12153	V411M
NT12154	V411M
NT12155	I405V
NT12156	V411M
NT12157	V411M
NT12158	V411M
NT12159	V411M
NT12160	V411M
NT12161	V411M
NT12162	V411M
NT12163	V411M
NT12164	V411M
NT12165	V411M
NT12166	V411M
NT12167	V411M
NT12168	V411M
NT12169	V411M
NT12170	V411M
NT12171	V411M
NT12172	V411M
NT12173	V411M
NT12174	V411M
NT12175	V411M
NT12176	V411M
NT12177	V411M
NT12178	V411M
NT12179	V411M
NT12192	V411M
NT12193	V411M
NT12195	V411M
NT12197	V411M
NT12204	I405V
NT12205	I405V
NT12210	V411M
NT12211	V411M
NT12212	V411M
NT12213	V411M
NT12215	V411M
NT12217	V411M
NT12218	V411M
NT12219	V411M
NT12220	V411M
NT12221	V411M
NT12223	V411M
NT12224	V411M
NT12226	V411M
NT12232	V411M
NT12233	V411M
NT12262	V411M
NT12285	V411M
NT12286	V411M
NT12292	V411M
NT12294	I405V
NT12299	V411M
NT12302	V411M
NT12302	N209H
NT12305	V411M
NT12306	V411M
NT12309	V411M
NT12310	V411M
NT12311	V411M
NT12314	V411M
NT12319	V275M
NT12325	V411M
NT12328	V411M
NT12329	I405V
NT12330	L408M
NT12331	V411M
NT12333	L408M
NT12338	V411M
NT12340	V411M
NT12341	V411M
NT12342	V411M
NT12346	V275M
NT12347	V275M
NT12353	V411M
NT12355	V411M
NT12359	V411M
NT12362	V411M
NT12362	R265C
NT12367	V411M
NT12392	V411M
NT12393	S410G
NT12394	V411M
NT12396	V411M
NT12406	V411M
NT12406	M267I
NT12407	V411M
NT12412	I405V
NT12422	V411M
NT12424	V411M
NT12425	V411M
NT12425	N209H
NT12432	V411M
NT12435	V411M
NT12448	V411M
NT12451	V411M
NT12452	V411M
NT12453	V411M
NT12454	V411M
NT12457	V411M
NT12458	V411M
NT12460	V411M
NT12532	V411M
NT12533	V411M
NT12534	L408M
NT12551	L408M
NT12552	V411M
NT12553	V411M
NT12553	V398I
NT12554	V411M
NT12558	V411M
NT12560	V411M
NT12561	V411M
NT12562	V411M
NT12569	I405V
NT12572	L408M
NT12577	V411M
NT12579	L408M
NT12583	L408M
NT12584	L408M
NT12586	V411M
NT12587	V411M
NT12588	V411M
NT12589	L408M
NT12590	V411M
NT12591	V411M
NT12592	V411M
NT12593	V411M
NT12594	V411M
NT12595	V411M
NT12596	V411M
NT12597	V411M
NT12598	V411M
NT12599	V411M
NT12599	V319I
NT12600	V411M
NT12601	V411M
NT12602	V411M
NT12603	V411M
NT12604	V411M
NT12605	V411M
NT12606	V411M
NT12607	V411M
NT12608	V411M
NT12609	V411M
NT12610	V411M
NT12611	V411M
NT12612	V411M
NT12614	V411M
NT12615	V411M
NT12618	V411M
NT12765	S356A
NT12814	V79G
NT12815	V79G
NT12838	V79G
NT12839	V79G
NT12862	V79G
NT12863	V79G
NT12867	T153A
NT12879	P148L
