NT12006	E219K
NT12007	A102D
NT12007	Q253K
NT12010	Q253K
NT12011	Q253K
NT12016	Q253K
NT12018	G107S
NT12018	A179T
NT12027	K177N
NT12035	D147A
NT12036	Q152P
NT12037	Q152P
NT12045	Q253K
NT12048	Q253K
NT12052	E86Q
NT12052	Q253K
NT12052	T281S
NT12060	E86Q
NT12060	Q253K
NT12061	E86Q
NT12061	Q253K
NT12061	T281S
NT12062	E86Q
NT12062	Q253K
NT12065	Q253K
NT12066	Q253K
NT12068	Q253K
NT12069	Q253K
NT12070	Q253K
NT12072	E86Q
NT12072	A158T
NT12072	I172L
NT12072	Q253K
NT12073	Q253K
NT12074	Q253K
NT12075	Q253K
NT12076	Q253K
NT12079	Q253K
NT12081	Q253K
NT12082	Q253K
NT12083	Q253K
NT12085	Q253K
NT12089	Q253K
NT12091	E151K
NT12092	Q253K
NT12094	E219K
NT12096	Q253K
NT12097	Q253K
NT12099	Q253K
NT12103	E86Q
NT12103	Q253K
NT12118	Q253K
NT12121	E86Q
NT12121	Q253K
NT12124	I172L
NT12124	Q253K
NT12127	I172L
NT12127	Q253K
NT12132	T31I
NT12132	L47M
NT12132	E86D
NT12132	I172L
NT12132	A263V
NT12135	Q253K
NT12137	P106T
NT12143	Q253K
NT12144	Q253K
NT12145	Q253K
NT12146	Q253K
NT12148	G212S
NT12148	Q253K
NT12150	Q253K
NT12151	Q253K
NT12152	Q253K
NT12153	Q253K
NT12154	Q253K
NT12155	E86Q
NT12155	Q253K
NT12155	T281S
NT12156	Q253K
NT12157	Q253K
NT12158	Q253K
NT12159	Q253K
NT12160	Q253K
NT12161	Q253K
NT12161	V268I
NT12162	Q253K
NT12163	Q253K
NT12165	Q253K
NT12166	Q253K
NT12167	Q253K
NT12168	Q253K
NT12169	Q253K
NT12170	Q253K
NT12171	G212S
NT12171	Q253K
NT12172	Q253K
NT12173	Q253K
NT12174	Q253K
NT12175	Q253K
NT12176	Q253K
NT12177	Q253K
NT12178	Q253K
NT12179	Q253K
NT12180	E219K
NT12181	E219K
NT12182	E219K
NT12183	E219K
NT12184	E219K
NT12186	E219K
NT12187	E219K
NT12188	E219K
NT12189	E219K
NT12190	E219K
NT12192	G212S
NT12192	Q253K
NT12193	Q253K
NT12195	A204V
NT12195	Q253K
NT12197	Q253K
NT12199	Q253K
NT12202	Q253K
NT12204	E86Q
NT12204	Q253K
NT12204	T281S
NT12205	E86Q
NT12205	Q253K
NT12205	T281S
NT12210	Q253K
NT12211	Q253K
NT12212	Q253K
NT12213	E151K
NT12213	Q253K
NT12215	Q253K
NT12217	Q253K
NT12218	Q253K
NT12219	Q253K
NT12220	Q253K
NT12221	Q253K
NT12223	Q253K
NT12224	Q253K
NT12226	Q253K
NT12230	P106L
NT12232	Q253K
NT12233	Q253K
NT12262	Q253K
NT12285	G212S
NT12285	Q253K
NT12286	G212S
NT12286	Q253K
NT12288	A218S
NT12288	Q253K
NT12292	Q253K
NT12294	E86Q
NT12294	Q253K
NT12294	T281S
NT12299	Q253K
NT12302	I172L
NT12302	Q253K
NT12302	V280I
NT12303	A218S
NT12303	Q253K
NT12305	Q253K
NT12306	Q253K
NT12309	Q253K
NT12310	Q253K
NT12311	I172L
NT12314	Q253K
NT12319	Q253K
NT12325	Q253K
NT12326	Q253K
NT12328	Q253K
NT12329	T31I
NT12329	L47M
NT12329	E86D
NT12329	I172L
NT12329	A263V
NT12330	E86Q
NT12330	Q253K
NT12331	Q253K
NT12332	Q253K
NT12337	Q253K
NT12338	Q253K
NT12340	G212S
NT12340	Q253K
NT12341	Q253K
NT12342	G212S
NT12342	Q253K
NT12346	Q253K
NT12353	V54M
NT12353	Q253K
NT12355	Q253K
NT12359	Q253K
NT12362	Q253K
NT12363	Q253K
NT12364	Q253K
NT12364	V268I
NT12365	Q253K
NT12367	I172L
NT12392	I172L
NT12393	I172L
NT12393	Q253K
NT12394	D49E
NT12394	E86Q
NT12394	Q253K
NT12396	Q253K
NT12406	I172L
NT12406	Q253K
NT12406	V280I
NT12407	Q253K
NT12412	E86Q
NT12412	Q253K
NT12412	T281S
NT12414	Q253K
NT12418	I172L
NT12422	Q253K
NT12423	E86Q
NT12423	K215T
NT12424	Q253K
NT12425	I172L
NT12425	Q253K
NT12425	V280I
NT12427	Q253K
NT12429	Q253K
NT12432	Q253K
NT12435	Y190S
NT12435	Q253K
NT12442	Q253K
NT12447	E86Q
NT12447	A158T
NT12447	I172L
NT12447	Q253K
NT12447	E276G
NT12448	Q253K
NT12451	Q253K
NT12452	Q253K
NT12453	A189T
NT12454	Q253K
NT12457	Q253K
NT12458	P22L
NT12458	Q253K
NT12459	Q253K
NT12460	Q253K
NT12532	I172L
NT12532	Q253K
NT12533	Q253K
NT12538	A218S
NT12538	Q253K
NT12542	I247L
NT12544	E86Q
NT12544	Q253K
NT12552	I172L
NT12553	Q253K
NT12558	Q253K
NT12559	Q253K
NT12560	Q253K
NT12561	Q253K
NT12562	Q253K
NT12563	Q253K
NT12564	T149A
NT12566	Q253K
NT12569	E86Q
NT12569	Q253K
NT12571	Q253K
NT12578	L174M
NT12584	Q253K
NT12585	E86Q
NT12585	K215T
NT12587	G212S
NT12587	Q253K
NT12588	Q253K
NT12591	Q253K
NT12592	Q253K
NT12593	E86Q
NT12593	P143T
NT12593	Q253K
NT12594	G212S
NT12594	Q253K
NT12595	G212S
NT12595	Q253K
NT12596	I172L
NT12597	Q253K
NT12598	Q253K
NT12599	Q253K
NT12600	Q253K
NT12601	Q253K
NT12602	I172L
NT12603	Q253K
NT12604	Q253K
NT12605	Q253K
NT12606	Q253K
NT12607	Q253K
NT12608	Q253K
NT12608	V268I
NT12610	Q253K
NT12611	Q253K
NT12612	Q253K
NT12614	Q253K
NT12615	Q253K
NT12616	Q253K
NT12617	Q253K
NT12618	E86Q
NT12618	P143T
NT12618	Q253K
NT12772	E276G
NT12773	E276G
NT12796	E276G
NT12797	E276G
NT12820	E276G
NT12821	E276G
NT12844	E276G
NT12845	E276G
NT12862	I142L
NT12863	I142L
NT12868	E276G
NT12869	E276G
