NT12007	R40Q
NT12007	D126A
NT12007	V129M
NT12007	H142Q
NT12010	D126A
NT12010	V129M
NT12010	H142Q
NT12010	D232N
NT12011	D126A
NT12011	V129M
NT12011	H142Q
NT12011	E233D
NT12015	D126A
NT12015	V129M
NT12016	D126A
NT12016	V129M
NT12016	H142Q
NT12016	E233D
NT12025	A11T
NT12031	V213I
NT12042	V70A
NT12042	D126A
NT12042	V129M
NT12043	V70A
NT12043	D126A
NT12043	V129M
NT12044	D126A
NT12044	V129M
NT12044	A236T
NT12045	D126A
NT12045	V129M
NT12048	D126A
NT12048	V129M
NT12048	H142Q
NT12048	D232N
NT12052	V129L
NT12052	H142Q
NT12054	V129L
NT12054	H142Q
NT12055	V129L
NT12055	H142Q
NT12056	V129L
NT12056	H142Q
NT12057	V129L
NT12057	H142Q
NT12058	D126A
NT12058	V129M
NT12060	V129L
NT12060	H142Q
NT12061	V129L
NT12061	H142Q
NT12062	D126A
NT12062	V129M
NT12062	H142Q
NT12064	V129L
NT12064	H142Q
NT12065	D126A
NT12065	V129M
NT12065	H142Q
NT12066	D126A
NT12066	V129M
NT12066	H142Q
NT12068	D126A
NT12068	V129M
NT12068	H142Q
NT12068	D232N
NT12069	D126A
NT12069	V129M
NT12069	H142Q
NT12069	E233D
NT12069	H237N
NT12070	D126A
NT12070	V129M
NT12070	H142Q
NT12070	D232N
NT12072	V129L
NT12072	H142Q
NT12073	D126A
NT12073	V129M
NT12073	H142Q
NT12073	D232N
NT12074	V70A
NT12074	D126A
NT12074	V129M
NT12075	T34I
NT12075	D126A
NT12075	V129M
NT12075	H142Q
NT12075	D232N
NT12075	A245T
NT12076	D126A
NT12076	V129M
NT12076	H142Q
NT12076	E233D
NT12076	H237N
NT12079	D126A
NT12079	V129M
NT12079	H142Q
NT12079	E233D
NT12081	V86I
NT12081	D126A
NT12081	V129M
NT12081	H142Q
NT12082	D126A
NT12082	V129M
NT12082	H142Q
NT12082	D232N
NT12083	D126A
NT12083	V129M
NT12083	A236T
NT12084	D126A
NT12084	V129M
NT12085	D126A
NT12085	V129M
NT12086	D126A
NT12086	V129M
NT12086	A236T
NT12087	D126A
NT12087	V129M
NT12087	A236T
NT12088	V70A
NT12088	D126A
NT12088	V129M
NT12089	T34I
NT12089	D126A
NT12089	V129M
NT12089	H142Q
NT12089	D232N
NT12089	A245T
NT12090	D126A
NT12090	V129M
NT12090	A236T
NT12092	D126A
NT12092	V129M
NT12092	H142Q
NT12092	D232N
NT12096	D126A
NT12096	V129M
NT12096	H142Q
NT12096	D232N
NT12097	T34I
NT12097	D126A
NT12097	V129M
NT12097	H142Q
NT12097	D232N
NT12097	A245T
NT12098	D126A
NT12098	V129M
NT12098	A236T
NT12099	D126A
NT12099	V129M
NT12102	D126A
NT12102	V129M
NT12105	D126A
NT12105	V129M
NT12105	A236T
NT12115	D126A
NT12115	V129M
NT12115	A236T
NT12118	D126A
NT12118	V129M
NT12118	A236T
NT12121	V129L
NT12121	H142Q
NT12124	V129L
NT12124	H142Q
NT12127	V129L
NT12127	H142Q
NT12130	D126A
NT12130	V129M
NT12132	V129L
NT12132	H142Q
NT12133	V129L
NT12133	H142Q
NT12135	T34I
NT12135	D126A
NT12135	V129M
NT12135	H142Q
NT12135	D232N
NT12135	A245T
NT12136	V129L
NT12136	H142Q
NT12138	D126A
NT12138	V129M
NT12138	A236T
NT12139	D126A
NT12139	V129M
NT12139	A236T
NT12140	D126A
NT12140	V129M
NT12140	A236T
NT12143	T34I
NT12143	D126A
NT12143	V129M
NT12143	H142Q
NT12143	D232N
NT12143	A245T
NT12144	D126A
NT12144	V129M
NT12144	H142Q
NT12144	E233D
NT12145	R40Q
NT12145	D126A
NT12145	V129M
NT12145	H142Q
NT12146	D126A
NT12146	V129M
NT12146	H142Q
NT12147	D126A
NT12147	V129M
NT12148	D126A
NT12148	V129M
NT12148	H142Q
NT12148	E233D
NT12150	V86I
NT12150	D126A
NT12150	V129M
NT12150	H142Q
NT12151	D126A
NT12151	V129M
NT12151	H142Q
NT12151	D232N
NT12152	D126A
NT12152	V129M
NT12152	H142Q
NT12152	D232N
NT12153	T34I
NT12153	D126A
NT12153	V129M
NT12153	H142Q
NT12153	D232N
NT12153	A245T
NT12154	D126A
NT12154	V129M
NT12154	H142Q
NT12155	V129L
NT12155	H142Q
NT12156	T34I
NT12156	D126A
NT12156	V129M
NT12156	H142Q
NT12156	D232N
NT12156	A245T
NT12157	T34I
NT12157	D126A
NT12157	V129M
NT12157	H142Q
NT12157	D232N
NT12157	A245T
NT12158	T34I
NT12158	D126A
NT12158	V129M
NT12158	H142Q
NT12158	D232N
NT12158	A245T
NT12159	D126A
NT12159	V129M
NT12159	H142Q
NT12160	D126A
NT12160	V129M
NT12160	H142Q
NT12161	D126A
NT12161	V129M
NT12161	H142Q
NT12161	E233D
NT12161	H237N
NT12162	T34I
NT12162	D126A
NT12162	V129M
NT12162	H142Q
NT12162	D232N
NT12162	A245T
NT12163	T34I
NT12163	D126A
NT12163	V129M
NT12163	H142Q
NT12163	D232N
NT12163	A245T
NT12164	D126A
NT12164	V129M
NT12164	H142Q
NT12164	E233D
NT12165	D126A
NT12165	V129M
NT12165	H142Q
NT12165	D232N
NT12166	T34I
NT12166	D126A
NT12166	V129M
NT12166	H142Q
NT12166	D232N
NT12166	A245T
NT12167	A112T
NT12167	D126A
NT12167	V129M
NT12167	H142Q
NT12167	D232N
NT12168	D126A
NT12168	V129M
NT12168	H142Q
NT12168	E233D
NT12168	H237N
NT12169	D126A
NT12169	V129M
NT12169	H142Q
NT12169	D232N
NT12170	D126A
NT12170	V129M
NT12170	H142Q
NT12171	D126A
NT12171	V129M
NT12171	H142Q
NT12171	E233D
NT12172	D126A
NT12172	V129M
NT12172	H142Q
NT12173	D126A
NT12173	V129M
NT12173	H142Q
NT12174	D126A
NT12174	V129M
NT12174	H142Q
NT12174	E233D
NT12174	H237N
NT12175	D126A
NT12175	V129M
NT12175	H142Q
NT12175	E233D
NT12176	D126A
NT12176	V129M
NT12176	H142Q
NT12176	E233D
NT12177	D126A
NT12177	V129M
NT12177	H142Q
NT12177	E233D
NT12178	D126A
NT12178	V129M
NT12178	H142Q
NT12178	E233D
NT12179	D126A
NT12179	V129M
NT12179	H142Q
NT12191	V129L
NT12191	H142Q
NT12192	D126A
NT12192	V129M
NT12192	H142Q
NT12192	D232N
NT12193	T34I
NT12193	D126A
NT12193	V129M
NT12193	H142Q
NT12193	D232N
NT12193	A245T
NT12195	D126A
NT12195	V129M
NT12195	H142Q
NT12195	D232N
NT12196	D126A
NT12196	V129M
NT12197	D126A
NT12197	V129M
NT12197	H142Q
NT12204	V129L
NT12204	H142Q
NT12205	V129L
NT12205	H142Q
NT12210	D126A
NT12210	V129M
NT12210	H142Q
NT12210	E233D
NT12210	H237N
NT12211	D126A
NT12211	V129M
NT12211	H142Q
NT12211	E233D
NT12211	H237N
NT12212	D126A
NT12212	V129M
NT12212	H142Q
NT12212	E233D
NT12212	H237N
NT12213	D126A
NT12213	V129M
NT12213	H142Q
NT12213	D232N
NT12215	D126A
NT12215	V129M
NT12215	H142Q
NT12215	E233D
NT12217	D126A
NT12217	V129M
NT12217	H142Q
NT12217	E233D
NT12218	D126A
NT12218	V129M
NT12218	H142Q
NT12218	E233D
NT12219	D126A
NT12219	V129M
NT12219	H142Q
NT12219	D232N
NT12220	D126A
NT12220	V129M
NT12220	H142Q
NT12220	D232N
NT12221	D126A
NT12221	V129M
NT12221	H142Q
NT12221	D232N
NT12223	T34I
NT12223	D126A
NT12223	V129M
NT12223	H142Q
NT12223	D232N
NT12223	A245T
NT12224	T34I
NT12224	H142Q
NT12224	D232N
NT12224	A245T
NT12226	D126A
NT12226	V129M
NT12226	H142Q
NT12226	D232N
NT12232	D126A
NT12232	V129M
NT12232	H142Q
NT12232	D232N
NT12233	D126A
NT12233	V129M
NT12233	H142Q
NT12233	D232N
NT12262	T34I
NT12262	D126A
NT12262	V129M
NT12262	H142Q
NT12262	D232N
NT12262	A245T
NT12285	D126A
NT12285	V129M
NT12285	H142Q
NT12285	E233D
NT12286	D126A
NT12286	V129M
NT12286	H142Q
NT12286	E233D
NT12288	D126A
NT12288	V129M
NT12292	T34I
NT12292	D126A
NT12292	V129M
NT12292	H142Q
NT12292	D232N
NT12292	A245T
NT12294	V129L
NT12294	H142Q
NT12299	D126A
NT12299	V129M
NT12299	H142Q
NT12299	D232N
NT12302	D126A
NT12302	V129M
NT12302	H142Q
NT12303	D126A
NT12303	V129M
NT12305	D126A
NT12305	V129M
NT12305	H142Q
NT12305	E233D
NT12305	V250G
NT12306	D126A
NT12306	V129M
NT12306	H142Q
NT12306	E233D
NT12306	V250G
NT12309	T34I
NT12309	D126A
NT12309	V129M
NT12309	H142Q
NT12309	D232N
NT12309	A245T
NT12310	T34I
NT12310	D126A
NT12310	V129M
NT12310	H142Q
NT12310	D232N
NT12310	A245T
NT12311	D126A
NT12311	V129M
NT12311	H142Q
NT12314	D126A
NT12314	V129M
NT12314	D232N
NT12315	D126A
NT12315	V129M
NT12315	A236T
NT12319	V70A
NT12319	D126A
NT12319	V129M
NT12320	D126A
NT12320	V129M
NT12320	A236T
NT12321	D126A
NT12321	V129M
NT12321	A236T
NT12325	T34I
NT12325	D126A
NT12325	V129M
NT12325	H142Q
NT12325	D232N
NT12325	A245T
NT12326	T34I
NT12326	D126A
NT12326	V129M
NT12326	H142Q
NT12328	D126A
NT12328	V129M
NT12328	H142Q
NT12328	D232N
NT12329	V129L
NT12329	H142Q
NT12330	D126A
NT12330	V129M
NT12330	H142Q
NT12331	D126A
NT12331	V129M
NT12331	H142Q
NT12333	V129L
NT12333	H142Q
NT12334	D126A
NT12334	V129M
NT12334	A236T
NT12335	D126A
NT12335	V129M
NT12336	D126A
NT12336	V129M
NT12336	A236T
NT12337	D126A
NT12337	V129M
NT12338	D126A
NT12338	V129M
NT12338	H142Q
NT12338	D232N
NT12340	D126A
NT12340	V129M
NT12340	H142Q
NT12340	D232N
NT12341	D126A
NT12341	V129M
NT12341	H142Q
NT12341	D232N
NT12342	D126A
NT12342	V129M
NT12342	H142Q
NT12342	D232N
NT12346	V70A
NT12346	D126A
NT12346	V129M
NT12347	D126A
NT12347	V129M
NT12353	D126A
NT12353	V129M
NT12353	H142Q
NT12353	E233D
NT12355	T34I
NT12355	D126A
NT12355	V129M
NT12355	H142Q
NT12358	V70A
NT12358	D126A
NT12358	V129M
NT12359	D126A
NT12359	V129M
NT12359	H142Q
NT12360	D126A
NT12360	V129M
NT12360	A236T
NT12361	V70A
NT12361	D126A
NT12361	V129M
NT12362	D126A
NT12362	V129M
NT12362	H142Q
NT12362	E233D
NT12363	D126A
NT12363	V129M
NT12364	D126A
NT12364	V129M
NT12364	H142Q
NT12365	G38R
NT12365	D126A
NT12365	V129M
NT12367	D126A
NT12367	V129M
NT12367	H142Q
NT12370	D126A
NT12370	V129M
NT12372	T34S
NT12372	D126A
NT12372	V129M
NT12378	D126A
NT12378	V129M
NT12378	A236T
NT12384	D126A
NT12384	V129M
NT12384	L162Q
NT12384	A236T
NT12387	V70A
NT12387	D126A
NT12387	V129M
NT12388	V70A
NT12388	D126A
NT12388	V129M
NT12389	V70A
NT12389	D126A
NT12389	V129M
NT12390	V70A
NT12390	D126A
NT12390	V129M
NT12391	V70A
NT12391	D126A
NT12391	V129M
NT12392	D126A
NT12392	V129M
NT12393	V129L
NT12393	H142Q
NT12394	V129L
NT12394	H142Q
NT12396	D126A
NT12396	V129M
NT12396	H142Q
NT12398	D126A
NT12398	V129M
NT12398	A236T
NT12400	T34I
NT12400	V129M
NT12400	A245T
NT12404	D126A
NT12404	V129M
NT12406	D126A
NT12406	V129M
NT12406	H142Q
NT12407	T34I
NT12407	D126A
NT12407	V129M
NT12407	H142Q
NT12407	D232N
NT12407	A245T
NT12412	V129L
NT12412	H142Q
NT12414	P37L
NT12414	D126A
NT12414	V129M
NT12418	D126A
NT12418	V129M
NT12422	T34I
NT12422	D126A
NT12422	V129M
NT12422	H142Q
NT12422	D232N
NT12422	A245T
NT12423	V129L
NT12423	H142Q
NT12424	T34I
NT12424	D126A
NT12424	V129M
NT12424	H142Q
NT12424	D232N
NT12424	A245T
NT12425	D126A
NT12425	V129M
NT12425	H142Q
NT12427	V70A
NT12427	D126A
NT12427	V129M
NT12429	V70A
NT12429	D126A
NT12429	V129M
NT12432	V86I
NT12432	D126A
NT12432	V129M
NT12435	D126A
NT12435	V129M
NT12435	H142Q
NT12435	D232N
NT12442	D126A
NT12442	V129M
NT12448	V86I
NT12448	D126A
NT12448	V129M
NT12451	V86I
NT12451	D126A
NT12451	V129M
NT12451	H142Q
NT12452	T34I
NT12452	D126A
NT12452	V129M
NT12452	H142Q
NT12452	D232N
NT12452	A245T
NT12453	D126A
NT12453	V129M
NT12453	H142Q
NT12453	D232N
NT12454	T34I
NT12454	D126A
NT12454	V129M
NT12454	H142Q
NT12454	D232N
NT12454	A245T
NT12457	D126S
NT12457	V129M
NT12457	H142Q
NT12457	D232N
NT12458	V86I
NT12458	D126A
NT12458	V129M
NT12458	H142Q
NT12459	V70A
NT12459	D126A
NT12459	V129M
NT12460	D126A
NT12460	V129M
NT12460	H142Q
NT12460	E233D
NT12531	D126A
NT12531	V129M
NT12532	D126A
NT12532	V129M
NT12532	H142Q
NT12533	T34I
NT12533	D126A
NT12533	V129M
NT12533	H142Q
NT12533	D232N
NT12533	A245T
NT12534	V129L
NT12534	H142Q
NT12535	V70A
NT12535	D126A
NT12535	V129M
NT12538	D126A
NT12538	V129M
NT12548	L5S
NT12548	D126A
NT12548	V129M
NT12548	A236T
NT12551	V129L
NT12551	H142Q
NT12552	D126A
NT12552	V129M
NT12552	H142Q
NT12553	R40Q
NT12553	D126A
NT12553	V129M
NT12553	H142Q
NT12554	T34I
NT12556	V129L
NT12556	H142Q
NT12557	D126A
NT12557	V129M
NT12558	D126A
NT12558	V129M
NT12558	H142Q
NT12559	T34I
NT12559	D126A
NT12559	V129M
NT12559	H142Q
NT12560	D126A
NT12560	V129M
NT12560	H142Q
NT12561	D126A
NT12561	V129M
NT12561	H142Q
NT12561	E233D
NT12562	D126A
NT12562	V129M
NT12562	H142Q
NT12564	T110I
NT12564	D126A
NT12564	V129M
NT12564	H142Q
NT12564	A230T
NT12566	D126A
NT12566	V129M
NT12567	D126A
NT12567	V129M
NT12567	A236T
NT12569	V129L
NT12569	H142Q
NT12571	V129L
NT12571	H142Q
NT12572	V129L
NT12572	H142Q
NT12573	D126A
NT12573	V129M
NT12573	A236T
NT12575	V129L
NT12575	H142Q
NT12577	D126A
NT12577	V129M
NT12577	H142Q
NT12579	V129L
NT12579	H142Q
NT12580	D126A
NT12580	V129M
NT12581	D126A
NT12581	V129M
NT12581	A236T
NT12582	D126A
NT12582	V129M
NT12583	V129L
NT12583	H142Q
NT12584	D126A
NT12584	V129L
NT12584	H142Q
NT12585	V129L
NT12585	H142Q
NT12586	D126A
NT12586	V129M
NT12586	H142Q
NT12587	D126A
NT12587	V129M
NT12587	H142Q
NT12587	E233D
NT12588	D126A
NT12588	V129M
NT12588	H142Q
NT12589	D126A
NT12589	V129M
NT12590	T34I
NT12590	D126A
NT12590	V129M
NT12590	H142Q
NT12590	D232N
NT12590	A245T
NT12591	D126A
NT12591	V129M
NT12591	E233D
NT12592	D126A
NT12592	V129M
NT12592	H142Q
NT12592	D232N
NT12593	V129L
NT12593	H142Q
NT12594	D126A
NT12594	V129M
NT12594	E233D
NT12595	D126A
NT12595	V129M
NT12595	H142Q
NT12595	E233D
NT12596	D126A
NT12596	V129M
NT12597	D126A
NT12597	V129M
NT12597	H142Q
NT12598	D126A
NT12598	V129M
NT12598	H142Q
NT12599	T34I
NT12599	D126A
NT12599	V129M
NT12599	H142Q
NT12599	D232N
NT12599	A245T
NT12600	T34I
NT12600	D126A
NT12600	V129M
NT12600	H142Q
NT12600	D232N
NT12600	A245T
NT12601	T34I
NT12601	D126A
NT12601	V129M
NT12601	H142Q
NT12601	D232N
NT12601	A245T
NT12602	L76I
NT12602	R81H
NT12602	D126A
NT12602	V129M
NT12602	H142Q
NT12602	E233D
NT12602	H237N
NT12603	D126A
NT12603	V129M
NT12603	H142Q
NT12603	E233D
NT12603	H237N
NT12604	D126A
NT12604	V129M
NT12604	H142Q
NT12604	D232N
NT12605	D126A
NT12605	V129M
NT12605	H142Q
NT12606	D126A
NT12606	V129M
NT12606	H142Q
NT12607	D126A
NT12607	V129M
NT12607	H142Q
NT12607	D232N
NT12608	D126A
NT12608	V129M
NT12608	H142Q
NT12608	E233D
NT12608	H237N
NT12609	D126A
NT12609	V129M
NT12609	H142Q
NT12610	D126A
NT12610	V129M
NT12610	H142Q
NT12610	E233D
NT12611	T34I
NT12611	D126A
NT12611	V129M
NT12611	H142Q
NT12611	D232N
NT12611	A245T
NT12612	D126A
NT12612	V129M
NT12612	H142Q
NT12614	D126A
NT12614	V129M
NT12614	H142Q
NT12614	D232N
NT12615	T34I
NT12615	D126A
NT12615	V129M
NT12615	H142Q
NT12615	D232N
NT12615	A245T
NT12616	V86I
NT12616	D126A
NT12616	V129M
NT12616	H142Q
NT12617	D126A
NT12617	V129M
NT12618	V129L
NT12618	H142Q
