NT12007	L509F
NT12007	A364V
NT12007	Q216K
NT12010	A364V
NT12010	Q216K
NT12011	T475A
NT12011	I474T
NT12011	T472A
NT12011	S443T
NT12011	A364V
NT12011	Q216K
NT12015	I491V
NT12015	T472M
NT12015	L283I
NT12015	K91R
NT12015	P28Q
NT12015	A25T
NT12016	T475A
NT12016	I474T
NT12016	T472A
NT12016	A364V
NT12016	Q216K
NT12016	P28Q
NT12025	D42A
NT12027	A495V
NT12027	A424T
NT12027	Q216K
NT12027	E204A
NT12027	N205H
NT12027	H196Y
NT12027	T160M
NT12036	Y438H
NT12037	Y438H
NT12040	R256H
NT12048	A364V
NT12048	Q216K
NT12052	I500V
NT12052	T475A
NT12052	I474T
NT12052	T472A
NT12052	S443T
NT12052	M355L
NT12052	T160M
NT12058	A345V
NT12058	K91R
NT12058	L87M
NT12058	A25T
NT12061	I500V
NT12061	T475A
NT12061	I474T
NT12061	T472A
NT12061	S443T
NT12061	M355L
NT12061	T160M
NT12062	A274T
NT12062	D215E
NT12062	E204A
NT12062	N205H
NT12062	H196Y
NT12062	T160M
NT12065	A274T
NT12065	D215E
NT12065	E204A
NT12065	N205H
NT12065	H196Y
NT12065	T160M
NT12066	A274T
NT12066	D215E
NT12066	E204A
NT12066	N205H
NT12066	H196Y
NT12066	T160M
NT12068	A364V
NT12068	Q216K
NT12069	A364V
NT12069	Q216K
NT12069	G89D
NT12070	A364V
NT12070	Q216K
NT12073	A364V
NT12073	Q216K
NT12075	A364V
NT12075	L279Q
NT12075	Q216K
NT12075	G89D
NT12076	A364V
NT12076	Q216K
NT12076	G89D
NT12079	A364V
NT12079	Q216K
NT12079	V173A
NT12081	A534V
NT12081	T475A
NT12081	I474T
NT12081	T472A
NT12081	S443T
NT12081	A364V
NT12081	Q216K
NT12081	G89D
NT12082	A364V
NT12082	Q216K
NT12086	A495T
NT12087	A495T
NT12089	A364V
NT12089	L279Q
NT12089	Q216K
NT12089	G89D
NT12092	A364V
NT12092	Q216K
NT12096	A364V
NT12096	Q216K
NT12097	A364V
NT12097	L279Q
NT12097	Q216K
NT12097	G89D
NT12102	T472M
NT12102	S344T
NT12102	P28Q
NT12105	A495T
NT12110	T160A
NT12112	G106A
NT12114	G106A
NT12115	A495T
NT12128	D42A
NT12130	D426E
NT12130	A364V
NT12130	E204G
NT12132	A424T
NT12132	D215E
NT12132	V192I
NT12135	A364V
NT12135	L279Q
NT12135	Q216K
NT12135	G89D
NT12138	A495T
NT12138	D465Y
NT12139	A495T
NT12140	A495T
NT12143	A364V
NT12143	L279Q
NT12143	Q216K
NT12143	G89D
NT12144	I474T
NT12144	T475A
NT12144	T472A
NT12144	A364V
NT12144	Q216K
NT12144	T160M
NT12145	L509F
NT12145	A364V
NT12145	Q216K
NT12146	A364V
NT12146	Q216K
NT12146	G89D
NT12147	A345V
NT12147	K91R
NT12147	L87M
NT12147	A25T
NT12148	A364V
NT12148	L320F
NT12148	Q216K
NT12148	P28Q
NT12150	I474T
NT12150	T475A
NT12150	T472A
NT12150	A364V
NT12150	Q216K
NT12150	P28Q
NT12151	A364V
NT12151	Q216K
NT12152	A364V
NT12152	S344I
NT12152	Q216K
NT12152	P28Q
NT12153	A364V
NT12153	L279Q
NT12153	Q216K
NT12153	G89D
NT12154	T475A
NT12154	I474T
NT12154	T472A
NT12154	A364V
NT12154	Q216K
NT12155	I500V
NT12155	T475A
NT12155	I474T
NT12155	T472A
NT12155	S443T
NT12155	M355L
NT12155	T160M
NT12156	A364V
NT12156	L279Q
NT12156	Q216K
NT12156	G89D
NT12157	A364V
NT12157	L279Q
NT12157	Q216K
NT12157	G89D
NT12158	A364V
NT12158	L279Q
NT12158	Q216K
NT12158	G89D
NT12159	T475A
NT12159	I474T
NT12159	T472A
NT12159	A364V
NT12159	Q216K
NT12160	T475A
NT12160	I474T
NT12160	T472A
NT12160	A364V
NT12160	Q216K
NT12161	S443T
NT12161	A364V
NT12161	P301Q
NT12161	Q216K
NT12162	A364V
NT12162	L279Q
NT12162	Q216K
NT12162	G89D
NT12163	A364V
NT12163	L279Q
NT12163	Q216K
NT12163	G89D
NT12164	T475A
NT12164	I474T
NT12164	T472A
NT12164	A364V
NT12164	P273S
NT12164	Q216K
NT12164	T160M
NT12165	A364V
NT12165	Q216K
NT12166	A364V
NT12166	L279Q
NT12166	Q216K
NT12166	G89D
NT12167	A364V
NT12167	Q216K
NT12167	P28Q
NT12168	A364V
NT12168	Q216K
NT12168	G89D
NT12169	A364V
NT12169	Q216K
NT12170	A534T
NT12170	D476H
NT12170	A441T
NT12170	T160M
NT12170	A150V
NT12171	A364V
NT12171	L320F
NT12171	Q216K
NT12171	P28Q
NT12172	T475A
NT12172	I474T
NT12172	T472A
NT12172	A364V
NT12172	Q216K
NT12173	I474T
NT12173	T475A
NT12173	T472A
NT12173	A364V
NT12173	Q216K
NT12174	A364V
NT12174	Q216K
NT12174	G89D
NT12175	I474T
NT12175	T475A
NT12175	T472A
NT12175	A364V
NT12175	Q216K
NT12175	T160M
NT12176	T475A
NT12176	I474T
NT12176	T472A
NT12176	A364V
NT12176	Q216K
NT12176	T160M
NT12177	T475A
NT12177	I474T
NT12177	T472A
NT12177	A364V
NT12177	Q216K
NT12177	T160M
NT12178	T475A
NT12178	I474T
NT12178	T472A
NT12178	A364V
NT12178	Q216K
NT12178	T160M
NT12179	A534T
NT12179	D476H
NT12179	A441T
NT12179	T160M
NT12179	A150V
NT12192	A364V
NT12192	Q216K
NT12193	A364V
NT12193	L279Q
NT12193	Q216K
NT12195	T412A
NT12195	A369T
NT12195	A364V
NT12195	Q216K
NT12196	I491V
NT12196	T472M
NT12196	L283I
NT12196	K91R
NT12196	P28Q
NT12196	A25T
NT12197	I474T
NT12197	T475A
NT12197	T472A
NT12197	A364V
NT12197	Q216K
NT12197	T160M
NT12199	A274T
NT12199	D215E
NT12199	E204A
NT12199	N205H
NT12199	H196Y
NT12199	T160M
NT12202	A274T
NT12202	D215E
NT12202	E204A
NT12202	N205H
NT12202	H196Y
NT12202	T160M
NT12204	I500V
NT12204	I474T
NT12204	T475A
NT12204	T472A
NT12204	S443T
NT12204	M355L
NT12204	T160M
NT12204	A30T
NT12205	I500V
NT12205	I474T
NT12205	T475A
NT12205	T472A
NT12205	S443T
NT12205	M355L
NT12205	T160M
NT12205	A30T
NT12210	A364V
NT12210	Q216K
NT12210	G89D
NT12211	A364V
NT12211	Q216K
NT12211	G89D
NT12212	A364V
NT12212	Q216K
NT12212	G89D
NT12213	A364V
NT12213	L279Q
NT12213	Q216K
NT12213	G89D
NT12215	I474T
NT12215	T475A
NT12215	T472A
NT12215	A364V
NT12215	Q216K
NT12215	T160M
NT12217	T475A
NT12217	I474T
NT12217	T472A
NT12217	A364V
NT12217	Q216K
NT12217	T160M
NT12218	I474T
NT12218	T475A
NT12218	T472A
NT12218	A364V
NT12218	Q216K
NT12218	T160M
NT12219	A364V
NT12219	Q216K
NT12220	A364V
NT12220	Q216K
NT12221	A364V
NT12221	Q216K
NT12223	A364V
NT12223	L279Q
NT12223	Q216K
NT12223	D113N
NT12223	G89D
NT12224	A364V
NT12224	L279Q
NT12224	Q216K
NT12224	D113N
NT12224	G89D
NT12226	A364V
NT12226	Q216K
NT12232	A364V
NT12232	Q216K
NT12233	A364V
NT12233	Q216K
NT12257	P189T
NT12262	A364V
NT12262	L279Q
NT12262	Q216K
NT12262	G89D
NT12285	A364V
NT12285	L320F
NT12285	Q216K
NT12285	P28Q
NT12286	A364V
NT12286	L320F
NT12286	Q216K
NT12286	P28Q
NT12288	A345V
NT12288	K91R
NT12288	A25T
NT12292	A364V
NT12292	L279Q
NT12292	Q216K
NT12292	G89D
NT12294	I500V
NT12294	T475A
NT12294	I474T
NT12294	T472A
NT12294	S443T
NT12294	M355L
NT12294	T160M
NT12299	A364V
NT12299	Q216K
NT12302	S450R
NT12302	D215E
NT12302	T160M
NT12303	A345V
NT12303	K91R
NT12303	A25T
NT12305	T475A
NT12305	I474T
NT12305	T472A
NT12305	S443T
NT12305	A364V
NT12305	Q216K
NT12306	T475A
NT12306	I474T
NT12306	T472A
NT12306	S443T
NT12306	A364V
NT12306	Q216K
NT12308	V76M
NT12309	A364V
NT12309	L279Q
NT12309	Q216K
NT12309	G89D
NT12310	A364V
NT12310	L279Q
NT12310	Q216K
NT12310	G89D
NT12311	Q216K
NT12311	T160M
NT12314	A364V
NT12314	Q216K
NT12320	A495T
NT12320	D465Y
NT12321	A495T
NT12321	D465Y
NT12325	A364V
NT12325	L279Q
NT12325	Q216K
NT12325	G89D
NT12326	A269V
NT12326	P28Q
NT12328	A369T
NT12328	A364V
NT12328	R4Q
NT12329	A424T
NT12329	D215E
NT12329	V192I
NT12330	A274T
NT12330	D215E
NT12330	E204A
NT12330	N205H
NT12330	H196Y
NT12330	T160M
NT12331	T475A
NT12331	I474T
NT12331	T472A
NT12331	A364V
NT12331	Q216K
NT12332	A274T
NT12332	D215E
NT12332	E204A
NT12332	N205H
NT12332	H196Y
NT12332	T160M
NT12334	A495T
NT12336	A495T
NT12338	A364V
NT12338	Q216K
NT12340	A364V
NT12340	Q216K
NT12341	A369T
NT12341	A364V
NT12341	R4Q
NT12342	A364V
NT12342	Q216K
NT12353	N481S
NT12353	A364V
NT12353	Q216K
NT12353	T160M
NT12353	R4Q
NT12355	A364V
NT12355	Q216K
NT12359	A364V
NT12359	Q216K
NT12359	E204D
NT12360	A495T
NT12362	T475A
NT12362	I474T
NT12362	T472A
NT12362	S443T
NT12362	A364V
NT12362	Q216K
NT12365	Q241R
NT12365	K91R
NT12365	L87M
NT12365	A25T
NT12367	Q216K
NT12367	T160M
NT12372	A345V
NT12372	K91R
NT12372	L87M
NT12372	A25T
NT12392	A364V
NT12392	D215E
NT12392	V192I
NT12392	T160M
NT12394	I500V
NT12394	T160M
NT12396	L530M
NT12396	A364V
NT12396	P273S
NT12396	Q216K
NT12396	G89D
NT12406	S450R
NT12406	D215E
NT12406	T160M
NT12407	A364V
NT12407	L279Q
NT12407	Q216K
NT12407	G89D
NT12413	P189T
NT12418	Q216K
NT12418	T160M
NT12422	A364V
NT12422	L279Q
NT12422	Q216K
NT12422	G89D
NT12423	D248G
NT12423	T160M
NT12424	A364V
NT12424	L279Q
NT12424	Q216K
NT12424	G89D
NT12425	S450R
NT12425	D215E
NT12425	T160M
NT12432	A364V
NT12432	Q216K
NT12435	T475A
NT12435	I474T
NT12435	T472A
NT12435	A364V
NT12435	V251I
NT12435	Q216K
NT12435	R4Q
NT12440	P189T
NT12447	L429P
NT12447	A274T
NT12447	D215E
NT12447	E204A
NT12447	N205H
NT12447	H196Y
NT12447	T160M
NT12448	A364V
NT12448	Q216K
NT12451	A534V
NT12451	I474T
NT12451	T475A
NT12451	T472A
NT12451	S443T
NT12451	A364V
NT12451	Q216K
NT12451	G89D
NT12452	A364V
NT12452	L279Q
NT12452	Q216K
NT12452	G89D
NT12453	A364V
NT12453	Q216K
NT12454	A364V
NT12454	L279Q
NT12454	Q216K
NT12454	G89D
NT12457	A364V
NT12457	Q216K
NT12458	A364V
NT12458	L279Q
NT12458	Q216K
NT12458	G89D
NT12460	A364V
NT12460	Q216K
NT12460	V173A
NT12532	Q216K
NT12532	T160M
NT12533	A364V
NT12533	L279Q
NT12533	Q235R
NT12533	Q216K
NT12533	G89D
NT12535	A495T
NT12535	A466V
NT12535	R258C
NT12535	L97Q
NT12537	G281D
NT12538	A345V
NT12538	K91R
NT12538	A25T
NT12540	A142V
NT12544	R309H
NT12545	P189T
NT12548	A495T
NT12550	P189T
NT12550	E52G
NT12551	P189T
NT12552	Q216K
NT12552	T160M
NT12553	L509F
NT12553	A364V
NT12553	Q216K
NT12554	A364V
NT12554	L279Q
NT12554	Q216K
NT12554	G89D
NT12556	Q494E
NT12556	A364V
NT12556	G89D
NT12558	I474T
NT12558	T475A
NT12558	T472A
NT12558	A364V
NT12558	Q216K
NT12558	T160M
NT12559	A534T
NT12559	A269V
NT12559	P28Q
NT12560	I474T
NT12560	T475A
NT12560	T472A
NT12560	A364V
NT12560	Q216K
NT12560	T160M
NT12562	T475A
NT12562	I474T
NT12562	T472A
NT12562	A364V
NT12562	Q216K
NT12563	A274T
NT12563	D215E
NT12563	E204A
NT12563	N205H
NT12563	H196Y
NT12563	T160M
NT12564	D476N
NT12564	A424T
NT12564	V262L
NT12564	Q216K
NT12564	E204A
NT12564	N205H
NT12564	H196Y
NT12564	L165I
NT12564	T160M
NT12564	T126M
NT12567	A495T
NT12567	D465Y
NT12569	I500V
NT12569	I474T
NT12569	T475A
NT12569	T472A
NT12569	S443T
NT12569	M355L
NT12569	T160M
NT12573	A495T
NT12573	D465Y
NT12575	D248G
NT12575	T160M
NT12576	E261K
NT12577	A364V
NT12577	Q216K
NT12577	G89D
NT12580	A495T
NT12581	A495T
NT12581	D465Y
NT12585	A534T
NT12585	I500V
NT12585	T475A
NT12585	I474T
NT12585	T472A
NT12585	A466G
NT12585	S443T
NT12585	A424T
NT12585	P273S
NT12585	D215E
NT12586	A364V
NT12586	Q216K
NT12586	G89D
NT12587	A364V
NT12587	L320F
NT12587	Q216K
NT12587	P28Q
NT12588	I474T
NT12588	T475A
NT12588	T472A
NT12588	A364V
NT12588	Q216K
NT12588	T160M
NT12590	A364V
NT12590	L279Q
NT12590	Q216K
NT12590	G89D
NT12591	T475A
NT12591	I474T
NT12591	T472A
NT12591	A364V
NT12591	Q216K
NT12591	T160M
NT12592	A364V
NT12592	Q216K
NT12593	A534T
NT12593	S452I
NT12593	A424T
NT12593	V157I
NT12593	A15V
NT12594	T475A
NT12594	I474T
NT12594	T472A
NT12594	A364V
NT12594	T160M
NT12595	A364V
NT12595	L320F
NT12595	Q216K
NT12595	P28Q
NT12596	D215E
NT12596	T160M
NT12597	I474T
NT12597	T475A
NT12597	T472A
NT12597	A364V
NT12597	Q216K
NT12597	T160M
NT12598	T475A
NT12598	I474T
NT12598	T472A
NT12598	A364V
NT12598	Q216K
NT12599	A364V
NT12599	L279Q
NT12599	Q216K
NT12599	G89D
NT12600	T447M
NT12600	A364V
NT12600	L279Q
NT12600	Q216K
NT12600	G89D
NT12601	A364V
NT12601	L279Q
NT12601	Q216K
NT12601	G89D
NT12602	D215E
NT12602	T160M
NT12603	A364V
NT12603	Q216K
NT12603	G89D
NT12604	A364V
NT12604	Q216K
NT12605	I474T
NT12605	T475A
NT12605	T472A
NT12605	A364V
NT12605	Q216K
NT12606	I474T
NT12606	T475A
NT12606	T472A
NT12606	A364V
NT12606	Q216K
NT12606	T160M
NT12607	A364V
NT12607	Q216K
NT12608	S443T
NT12608	A364V
NT12608	P301Q
NT12608	Q216K
NT12609	A364V
NT12609	Q216K
NT12609	G89D
NT12610	T475A
NT12610	I474T
NT12610	T472A
NT12610	A364V
NT12610	Q216K
NT12610	V173A
NT12611	A364V
NT12611	L279Q
NT12611	Q216K
NT12611	G89D
NT12612	T475A
NT12612	I474T
NT12612	T472A
NT12612	A364V
NT12612	Q216K
NT12614	A274T
NT12614	D215E
NT12614	E204A
NT12614	N205H
NT12614	H196Y
NT12614	T160M
NT12615	A364V
NT12615	L279Q
NT12615	Q216K
NT12615	G89D
NT12616	I474T
NT12616	T475A
NT12616	T472A
NT12616	A364V
NT12616	Q216K
NT12616	P28Q
NT12618	A534T
NT12618	S452I
NT12618	A424T
NT12618	V157I
NT12618	A15V
NT12813	Y37D
NT12861	Y37D
NT12869	T265A
NT12885	Y37D
