NT12007	S2L
NT12007	E3S
NT12007	E4R
NT12007	N5I
NT12007	E7G
NT12007	N8K
NT12007	N11K
NT12007	K14R
NT12007	T15I
NT12007	T17I
NT12007	K18A
NT12007	I19F
NT12010	S2L
NT12010	E3S
NT12010	E4R
NT12010	N5I
NT12010	E7G
NT12010	N8K
NT12010	N11K
NT12010	K14R
NT12010	T15I
NT12010	T17I
NT12010	K18A
NT12010	I19F
NT12011	L26F
NT12011	V27I
NT12011	D30Y
NT12011	Y33S
NT12011	K34Q
NT12011	A38T
NT12011	I46L
NT12015	S2L
NT12015	E4G
NT12015	N5I
NT12015	K6N
NT12015	N8K
NT12015	N11K
NT12015	K14R
NT12015	T15I
NT12015	T17I
NT12015	K18V
NT12016	S2L
NT12016	E3S
NT12016	E4R
NT12016	N5I
NT12016	E7G
NT12016	N8K
NT12016	N11K
NT12016	K14R
NT12016	T15I
NT12016	T17I
NT12016	K18A
NT12016	I19F
NT12020	Y33S
NT12033	Y33S
NT12038	G9R
NT12038	Y33S
NT12039	G9R
NT12039	Y33S
NT12040	Y33S
NT12042	S2L
NT12042	E4G
NT12042	N5I
NT12042	K6N
NT12042	N8K
NT12042	N11K
NT12042	K14R
NT12042	T17I
NT12042	K18V
NT12044	Y33S
NT12048	S2L
NT12048	E3S
NT12048	E4R
NT12048	N5I
NT12048	E7G
NT12048	N8K
NT12048	N11K
NT12048	K14R
NT12048	T15I
NT12048	T17I
NT12048	K18A
NT12048	I19F
NT12052	E4K
NT12052	E4V
NT12052	E7V
NT12052	N8K
NT12052	K18E
NT12052	F21L
NT12052	L26F
NT12052	D30Y
NT12052	Y33S
NT12052	K34Q
NT12052	I46L
NT12054	I46L
NT12055	I46L
NT12056	I46L
NT12057	I46L
NT12058	S2L
NT12058	E4G
NT12058	N5I
NT12058	K6N
NT12058	N8K
NT12058	N11K
NT12058	K14R
NT12058	T15I
NT12058	T17I
NT12058	K18V
NT12061	I46L
NT12062	E4I
NT12062	E7A
NT12064	I46L
NT12065	E4K
NT12065	E4V
NT12065	E7V
NT12065	N8K
NT12065	F21L
NT12065	L26F
NT12065	D30Y
NT12065	Y33S
NT12065	K34Q
NT12065	I46L
NT12066	I46L
NT12068	S2L
NT12068	E3S
NT12068	E4R
NT12068	N5I
NT12068	E7G
NT12068	N8K
NT12068	N11K
NT12068	K14R
NT12068	T15I
NT12068	T17I
NT12068	K18A
NT12068	I19F
NT12072	I46L
NT12073	S2L
NT12073	E3S
NT12073	E4R
NT12073	N5I
NT12073	E7G
NT12073	N8K
NT12073	N11K
NT12073	K14R
NT12073	T15I
NT12073	T17I
NT12073	K18A
NT12073	I19F
NT12074	Y33S
NT12082	S2L
NT12082	E3S
NT12082	E4R
NT12082	N5I
NT12082	E7G
NT12082	N8K
NT12082	N11K
NT12082	K14R
NT12082	T15I
NT12082	T17I
NT12082	K18A
NT12082	I19F
NT12083	Y33S
NT12084	S2L
NT12084	E4G
NT12084	N5I
NT12084	K6N
NT12084	N8K
NT12084	N11K
NT12084	K14R
NT12084	T17I
NT12084	K18V
NT12085	Y33S
NT12086	Y33S
NT12087	Y33S
NT12090	Y33S
NT12096	S2L
NT12096	E3S
NT12096	E4R
NT12096	N5I
NT12096	E7G
NT12096	N8K
NT12096	N11K
NT12096	K14R
NT12096	T15I
NT12096	T17I
NT12096	K18A
NT12096	I19F
NT12098	S2L
NT12098	E4G
NT12098	N5I
NT12098	K6N
NT12098	N8K
NT12098	N11K
NT12098	K14R
NT12098	T17I
NT12098	K18V
NT12099	Y33S
NT12100	Y33S
NT12102	S2L
NT12102	E4G
NT12102	N5I
NT12102	K6N
NT12102	N8K
NT12102	N11K
NT12102	K14R
NT12102	T15I
NT12102	T17I
NT12102	K18V
NT12105	Y33S
NT12113	Y33S
NT12115	Y33S
NT12118	Y33S
NT12120	Y33S
NT12130	E4K
NT12130	E4V
NT12130	E7V
NT12130	N8K
NT12130	K18E
NT12130	F21L
NT12130	L26F
NT12130	D30Y
NT12130	Y33S
NT12130	K34Q
NT12130	D37G
NT12130	I46L
NT12132	I46L
NT12133	I46L
NT12136	E4K
NT12136	E4V
NT12136	E7V
NT12136	N8K
NT12136	K18E
NT12136	F21L
NT12136	L26F
NT12136	D30Y
NT12136	Y33S
NT12136	K34Q
NT12136	D37G
NT12136	I46L
NT12138	D30N
NT12138	Y33S
NT12139	Y33S
NT12140	Y33S
NT12146	E4K
NT12146	E4G
NT12146	E7V
NT12146	N8K
NT12146	N11Y
NT12146	L26F
NT12146	V27I
NT12146	D30Y
NT12146	Y33S
NT12146	K34Q
NT12146	A38T
NT12146	I46L
NT12147	S2L
NT12147	E4G
NT12147	N5I
NT12147	K6N
NT12147	N8K
NT12147	N11K
NT12147	K14R
NT12147	T15I
NT12147	T17I
NT12147	K18V
NT12148	L26F
NT12148	V27I
NT12148	D30Y
NT12148	Y33S
NT12148	K34Q
NT12148	A38T
NT12148	I46L
NT12150	S2L
NT12150	E3S
NT12150	E4R
NT12150	N5I
NT12150	E7G
NT12150	N8K
NT12150	N11K
NT12150	K14R
NT12150	T15I
NT12150	T17I
NT12150	K18A
NT12150	I19F
NT12155	E4K
NT12155	E4V
NT12155	E7V
NT12155	N8K
NT12155	K18E
NT12155	F21L
NT12155	L26F
NT12155	D30Y
NT12155	Y33S
NT12155	K34Q
NT12155	I46L
NT12159	S2L
NT12159	E4G
NT12159	N5I
NT12159	K6N
NT12159	N8K
NT12159	G9E
NT12159	K14R
NT12159	T15I
NT12159	T17I
NT12159	K18A
NT12161	E4R
NT12161	E7V
NT12161	N8K
NT12161	L26F
NT12161	V27I
NT12161	D30Y
NT12161	Y33P
NT12161	K34Q
NT12161	A38T
NT12161	I46L
NT12164	S2L
NT12164	E4G
NT12164	N5I
NT12164	K6N
NT12164	N8K
NT12164	G9E
NT12164	K14R
NT12164	T15I
NT12164	T17I
NT12164	K18A
NT12165	S2L
NT12165	E3S
NT12165	E4R
NT12165	N5I
NT12165	E7G
NT12165	N8K
NT12165	N11K
NT12165	K14R
NT12165	T15I
NT12165	T17I
NT12165	K18A
NT12165	I19F
NT12167	S2L
NT12167	E3S
NT12167	E4R
NT12167	N5I
NT12167	E7G
NT12167	N8K
NT12167	N11K
NT12167	K14R
NT12167	T15I
NT12167	T17I
NT12167	K18A
NT12167	I19F
NT12169	S2L
NT12169	E3S
NT12169	E4R
NT12169	N5I
NT12169	E7G
NT12169	N8K
NT12169	N11K
NT12169	K14R
NT12169	T15I
NT12169	T17I
NT12169	K18A
NT12169	I19F
NT12170	S2L
NT12170	E4G
NT12170	N5I
NT12170	K6N
NT12170	N8K
NT12170	G9E
NT12170	K14R
NT12170	T15I
NT12170	T17I
NT12170	K18A
NT12171	E4K
NT12171	E4G
NT12171	E7V
NT12171	N8K
NT12171	N11Y
NT12171	L26F
NT12171	V27I
NT12171	D30Y
NT12171	Y33S
NT12171	K34Q
NT12171	A38T
NT12171	I46L
NT12172	S2L
NT12172	E4G
NT12172	N5I
NT12172	K6N
NT12172	N8K
NT12172	G9E
NT12172	K14R
NT12172	T15I
NT12172	T17I
NT12172	K18A
NT12173	S2L
NT12173	E4G
NT12173	N5I
NT12173	K6N
NT12173	N8K
NT12173	G9E
NT12173	K14R
NT12173	T15I
NT12173	T17I
NT12173	K18A
NT12175	S2L
NT12175	E4G
NT12175	N5I
NT12175	K6N
NT12175	N8K
NT12175	G9E
NT12175	K14R
NT12175	T15I
NT12175	T17I
NT12175	K18A
NT12176	S2L
NT12176	E4G
NT12176	N5I
NT12176	K6N
NT12176	N8K
NT12176	G9E
NT12176	K14R
NT12176	T15I
NT12176	T17I
NT12176	K18A
NT12177	S2L
NT12177	E4G
NT12177	N5I
NT12177	K6N
NT12177	N8K
NT12177	G9E
NT12177	K14R
NT12177	T15I
NT12177	T17I
NT12177	K18A
NT12178	S2L
NT12178	E4G
NT12178	N5I
NT12178	K6N
NT12178	N8K
NT12178	G9E
NT12178	K14R
NT12178	T15I
NT12178	T17I
NT12178	K18A
NT12179	S2L
NT12179	E4G
NT12179	N5I
NT12179	K6N
NT12179	N8K
NT12179	G9E
NT12179	K14R
NT12179	T15I
NT12179	T17I
NT12179	K18A
NT12192	S2L
NT12192	E3S
NT12192	E4R
NT12192	N5I
NT12192	E7G
NT12192	N8K
NT12192	N11K
NT12192	K14R
NT12192	T15I
NT12192	T17I
NT12192	K18A
NT12192	I19F
NT12195	E4K
NT12195	E4G
NT12195	E7V
NT12195	N8K
NT12195	N11Y
NT12195	K18I
NT12195	L26F
NT12195	V27I
NT12195	D30Y
NT12195	Y33S
NT12195	K34Q
NT12195	A38T
NT12195	I46L
NT12196	S2L
NT12196	E4G
NT12196	N5I
NT12196	K6N
NT12196	N8K
NT12196	N11K
NT12196	K14R
NT12196	T15I
NT12196	T17I
NT12196	K18V
NT12197	E4K
NT12197	E4G
NT12197	E7V
NT12197	N8K
NT12197	L26F
NT12197	V27I
NT12197	D30Y
NT12197	Y33P
NT12197	K34Q
NT12197	A38T
NT12197	I46L
NT12204	I46L
NT12205	I46L
NT12213	S2L
NT12213	E3S
NT12213	E4R
NT12213	N5I
NT12213	E7G
NT12213	N8K
NT12213	N11K
NT12213	K14R
NT12213	T15I
NT12213	T17I
NT12213	K18A
NT12213	I19F
NT12215	S2L
NT12215	E4G
NT12215	N5I
NT12215	K6N
NT12215	N8K
NT12215	G9E
NT12215	K14R
NT12215	T15I
NT12215	T17I
NT12215	K18A
NT12217	S2L
NT12217	E4G
NT12217	N5I
NT12217	K6N
NT12217	N8K
NT12217	G9E
NT12217	K14R
NT12217	T15I
NT12217	T17I
NT12217	K18A
NT12218	S2L
NT12218	E4G
NT12218	N5I
NT12218	K6N
NT12218	N8K
NT12218	G9E
NT12218	K14R
NT12218	T15I
NT12218	T17I
NT12218	K18A
NT12220	S2L
NT12220	E3S
NT12220	E4R
NT12220	N5I
NT12220	E7G
NT12220	N8K
NT12220	N11K
NT12220	K14R
NT12220	T15I
NT12220	T17I
NT12220	K18A
NT12220	I19F
NT12226	S2L
NT12226	E3S
NT12226	E4R
NT12226	N5I
NT12226	E7G
NT12226	N8K
NT12226	N11K
NT12226	K14R
NT12226	T15I
NT12226	T17I
NT12226	K18A
NT12226	I19F
NT12230	Y33S
NT12233	S2L
NT12233	E3S
NT12233	E4R
NT12233	N5I
NT12233	E7G
NT12233	N8K
NT12233	N11K
NT12233	K14R
NT12233	T15I
NT12233	T17I
NT12233	K18A
NT12233	I19F
NT12285	L26F
NT12285	V27I
NT12285	D30Y
NT12285	Y33S
NT12285	K34Q
NT12285	A38T
NT12285	I46L
NT12286	E4K
NT12286	E4G
NT12286	E7V
NT12286	N8K
NT12286	N11Y
NT12286	L26F
NT12286	V27I
NT12286	D30Y
NT12286	Y33S
NT12286	K34Q
NT12286	A38T
NT12286	I46L
NT12288	S2L
NT12288	E4G
NT12288	N5I
NT12288	K6N
NT12288	N8K
NT12288	N11K
NT12288	K14R
NT12288	T15I
NT12288	T17I
NT12288	K18V
NT12294	E4K
NT12294	E4V
NT12294	E7V
NT12294	N8K
NT12294	K18E
NT12294	F21L
NT12294	L26F
NT12294	D30Y
NT12294	Y33S
NT12294	K34Q
NT12294	I46L
NT12299	S2L
NT12299	E3S
NT12299	E4R
NT12299	N5I
NT12299	E7G
NT12299	N8K
NT12299	N11K
NT12299	K14R
NT12299	T15I
NT12299	T17I
NT12299	K18A
NT12299	I19F
NT12302	E4R
NT12302	E7V
NT12302	N8K
NT12302	L26F
NT12302	V27I
NT12302	D30Y
NT12302	Y33P
NT12302	K34Q
NT12302	A38T
NT12302	I46L
NT12303	S2L
NT12303	E4G
NT12303	N5I
NT12303	K6N
NT12303	N8K
NT12303	N11K
NT12303	K14R
NT12303	T15I
NT12303	T17I
NT12303	K18V
NT12305	E4R
NT12305	E7V
NT12305	N8K
NT12305	N11Y
NT12305	L26F
NT12305	V27I
NT12305	D30Y
NT12305	Y33S
NT12305	K34Q
NT12305	A38T
NT12305	I46L
NT12306	E4R
NT12306	E7V
NT12306	N8K
NT12306	N11Y
NT12306	L26F
NT12306	V27I
NT12306	D30Y
NT12306	Y33S
NT12306	K34Q
NT12306	A38T
NT12306	I46L
NT12311	E4K
NT12311	E4G
NT12311	E7V
NT12311	N8K
NT12311	L26F
NT12311	V27I
NT12311	D30Y
NT12311	Y33P
NT12311	K34Q
NT12311	A38T
NT12311	I46L
NT12315	S2L
NT12315	E4G
NT12315	N5I
NT12315	K6N
NT12315	N8K
NT12315	N11K
NT12315	K14R
NT12315	T17I
NT12315	K18V
NT12319	Y33S
NT12320	D30N
NT12320	Y33S
NT12321	D30N
NT12321	Y33S
NT12326	S2L
NT12326	E3S
NT12326	E4R
NT12326	N5I
NT12326	E7G
NT12326	N8K
NT12326	N11K
NT12326	K14R
NT12326	T15I
NT12326	T17I
NT12326	K18A
NT12326	I19F
NT12327	E7K
NT12327	G9R
NT12327	Y33S
NT12329	E4K
NT12329	E4V
NT12329	E7V
NT12329	N8K
NT12329	K18E
NT12329	F21L
NT12329	L26F
NT12329	D30Y
NT12329	Y33S
NT12329	K34Q
NT12329	I46L
NT12330	E4I
NT12330	E7A
NT12331	S2L
NT12331	E4G
NT12331	N5I
NT12331	K6N
NT12331	N8K
NT12331	G9E
NT12331	K14R
NT12331	T15I
NT12331	T17I
NT12331	K18A
NT12334	Y33S
NT12335	S2L
NT12335	E4G
NT12335	N5I
NT12335	K6N
NT12335	N8K
NT12335	N11K
NT12335	K14R
NT12335	T17I
NT12335	K18V
NT12336	Y33S
NT12337	S2L
NT12337	E4G
NT12337	N5I
NT12337	K6N
NT12337	N8K
NT12337	N11K
NT12337	K14R
NT12337	T17I
NT12337	K18V
NT12338	S2L
NT12338	E3S
NT12338	E4R
NT12338	N5I
NT12338	E7G
NT12338	N8K
NT12338	N11K
NT12338	K14R
NT12338	T15I
NT12338	T17I
NT12338	K18A
NT12338	I19F
NT12340	S2L
NT12340	E3S
NT12340	E4R
NT12340	N5I
NT12340	E7G
NT12340	N8K
NT12340	N11K
NT12340	K14R
NT12340	T15I
NT12340	T17I
NT12340	K18A
NT12340	I19F
NT12342	S2L
NT12342	E3S
NT12342	E4R
NT12342	N5I
NT12342	E7G
NT12342	N8K
NT12342	N11K
NT12342	K14R
NT12342	T15I
NT12342	T17I
NT12342	K18A
NT12342	I19F
NT12347	Y33S
NT12353	S2L
NT12353	E3S
NT12353	E4R
NT12353	N5I
NT12353	E7G
NT12353	N8K
NT12353	N11K
NT12353	K14R
NT12353	T15I
NT12353	T17I
NT12353	K18A
NT12353	I19F
NT12355	E4R
NT12355	E7V
NT12355	N8K
NT12355	N11Y
NT12355	L26F
NT12355	V27I
NT12355	D30Y
NT12355	Y33S
NT12355	K34Q
NT12355	A38T
NT12355	I46L
NT12358	Y33S
NT12359	L26F
NT12359	V27I
NT12359	D30Y
NT12359	Y33S
NT12359	K34Q
NT12359	A38T
NT12359	I46L
NT12360	Y33S
NT12361	Y33S
NT12362	E4R
NT12362	E7V
NT12362	N8K
NT12362	N11Y
NT12362	L26F
NT12362	V27I
NT12362	D30Y
NT12362	Y33S
NT12362	K34Q
NT12362	A38T
NT12362	I46L
NT12363	S2L
NT12363	E4G
NT12363	N5I
NT12363	K6N
NT12363	N8K
NT12363	N11K
NT12363	K14R
NT12363	T17I
NT12363	K18V
NT12364	E4K
NT12364	E4V
NT12364	E7V
NT12364	N8K
NT12364	F21L
NT12364	L26F
NT12364	D30Y
NT12364	Y33S
NT12364	K34Q
NT12364	I46L
NT12365	S2L
NT12365	E4G
NT12365	N5I
NT12365	K6N
NT12365	N8K
NT12365	N11K
NT12365	K14R
NT12365	T15I
NT12365	T17I
NT12365	K18V
NT12367	L26F
NT12367	V27I
NT12367	D30Y
NT12367	Y33P
NT12367	K34Q
NT12367	A38T
NT12367	I46L
NT12370	Y33S
NT12378	Y33S
NT12384	Y33S
NT12387	S2L
NT12387	E4G
NT12387	N5I
NT12387	K6N
NT12387	N8K
NT12387	N11K
NT12387	K14R
NT12387	T17I
NT12387	K18V
NT12388	S2L
NT12388	E4G
NT12388	N5I
NT12388	K6N
NT12388	N8K
NT12388	N11K
NT12388	K14R
NT12388	T17I
NT12388	K18V
NT12391	S2L
NT12391	E4G
NT12391	N5I
NT12391	K6N
NT12391	N8K
NT12391	N11K
NT12391	K14R
NT12391	T17I
NT12391	K18V
NT12392	E4K
NT12392	E4G
NT12392	E7V
NT12392	N8K
NT12392	L26F
NT12392	V27I
NT12392	D30Y
NT12392	Y33P
NT12392	K34Q
NT12392	A38T
NT12392	I46L
NT12394	E4K
NT12394	E4V
NT12394	E7V
NT12394	N8K
NT12394	F21L
NT12394	L26F
NT12394	D30Y
NT12394	Y33S
NT12394	K34Q
NT12394	I46L
NT12398	Y33S
NT12400	Y33S
NT12404	Y33S
NT12406	E4K
NT12406	E4G
NT12406	E7V
NT12406	N8K
NT12406	L26F
NT12406	V27I
NT12406	D30Y
NT12406	Y33P
NT12406	K34Q
NT12406	A38T
NT12406	I46L
NT12412	E4K
NT12412	E4V
NT12412	E7V
NT12412	N8K
NT12412	K18E
NT12412	F21L
NT12412	L26F
NT12412	D30Y
NT12412	Y33S
NT12412	K34Q
NT12412	I46L
NT12414	Y33S
NT12420	G9R
NT12420	Y33S
NT12423	E4K
NT12423	E4V
NT12423	E7V
NT12423	N8K
NT12423	F21L
NT12423	L26F
NT12423	D30Y
NT12423	Y33S
NT12423	K34Q
NT12423	I46L
NT12425	E4R
NT12425	E7V
NT12425	N8K
NT12425	L26F
NT12425	V27I
NT12425	D30Y
NT12425	Y33P
NT12425	K34Q
NT12425	A38T
NT12425	I46L
NT12427	Y33S
NT12429	Y33S
NT12432	E4R
NT12432	E7V
NT12432	N8K
NT12432	N11Y
NT12432	L26F
NT12432	V27I
NT12432	D30Y
NT12432	Y33S
NT12432	K34Q
NT12432	A38T
NT12432	I46L
NT12435	S2L
NT12435	E3S
NT12435	E4R
NT12435	N5I
NT12435	E7G
NT12435	N8K
NT12435	N11K
NT12435	K14R
NT12435	T15I
NT12435	T17I
NT12435	K18A
NT12435	I19F
NT12442	Y33S
NT12447	E4I
NT12447	E7A
NT12447	F21L
NT12447	L26F
NT12447	D30Y
NT12447	Y33S
NT12447	K34Q
NT12447	A38V
NT12447	I46L
NT12448	E4R
NT12448	E7V
NT12448	N8K
NT12448	N11Y
NT12448	L26F
NT12448	V27I
NT12448	D30Y
NT12448	Y33S
NT12448	K34Q
NT12448	A38T
NT12448	I46L
NT12451	S2L
NT12451	E4G
NT12451	N5I
NT12451	K6N
NT12451	N8K
NT12451	G9E
NT12451	K14R
NT12451	T15I
NT12451	T17I
NT12451	K18A
NT12453	S2L
NT12453	E3S
NT12453	E4R
NT12453	N5I
NT12453	E7G
NT12453	N8K
NT12453	N11K
NT12453	K14R
NT12453	T15I
NT12453	T17I
NT12453	K18A
NT12453	I19F
NT12457	S2L
NT12457	E3S
NT12457	E4R
NT12457	N5I
NT12457	E7G
NT12457	N8K
NT12457	N11K
NT12457	K14R
NT12457	T15I
NT12457	T17I
NT12457	K18A
NT12457	I19F
NT12458	S2L
NT12458	E4G
NT12458	N5I
NT12458	K6N
NT12458	N8K
NT12458	G9E
NT12458	K14R
NT12458	T15I
NT12458	T17I
NT12458	K18A
NT12459	Y33S
NT12531	Y33S
NT12532	E4K
NT12532	E4G
NT12532	E7V
NT12532	N8K
NT12532	L26F
NT12532	V27I
NT12532	D30Y
NT12532	Y33P
NT12532	K34Q
NT12532	A38T
NT12532	I46L
NT12535	Y33S
NT12537	Y33S
NT12548	Y33S
NT12552	E4K
NT12552	E4G
NT12552	E7V
NT12552	N8K
NT12552	L26F
NT12552	V27I
NT12552	D30Y
NT12552	Y33P
NT12552	K34Q
NT12552	A38T
NT12552	I46L
NT12553	S2L
NT12553	E3S
NT12553	E4R
NT12553	N5I
NT12553	E7G
NT12553	N8K
NT12553	N11K
NT12553	K14R
NT12553	T15I
NT12553	T17I
NT12553	K18A
NT12553	I19F
NT12556	E4K
NT12556	E4V
NT12556	E7V
NT12556	N8K
NT12556	F21L
NT12556	L26F
NT12556	D30Y
NT12556	Y33S
NT12556	K34Q
NT12558	E4K
NT12558	E4G
NT12558	E7V
NT12558	N8K
NT12558	L26F
NT12558	V27I
NT12558	D30Y
NT12558	Y33P
NT12558	K34Q
NT12558	A38T
NT12558	I46L
NT12559	S2L
NT12559	E3S
NT12559	E4R
NT12559	N5I
NT12559	E7G
NT12559	N8K
NT12559	N11K
NT12559	K14R
NT12559	T15I
NT12559	T17I
NT12559	K18A
NT12559	I19F
NT12560	E4K
NT12560	E4G
NT12560	E7V
NT12560	N8K
NT12560	L26F
NT12560	V27I
NT12560	D30Y
NT12560	Y33P
NT12560	K34Q
NT12560	A38T
NT12560	I46L
NT12561	S2L
NT12561	E4G
NT12561	N5I
NT12561	K6N
NT12561	N8K
NT12561	G9E
NT12561	K14R
NT12561	T15I
NT12561	T17I
NT12561	K18A
NT12566	V13A
NT12566	Y33S
NT12567	D30N
NT12567	Y33S
NT12569	E4K
NT12569	E4V
NT12569	E7V
NT12569	N8K
NT12569	K18E
NT12569	F21L
NT12569	L26F
NT12569	D30Y
NT12569	Y33S
NT12569	K34Q
NT12569	I46L
NT12570	Y33S
NT12573	D30N
NT12573	Y33S
NT12575	E4K
NT12575	E4V
NT12575	E7V
NT12575	N8K
NT12575	F21L
NT12575	L26F
NT12575	D30Y
NT12575	Y33S
NT12575	K34Q
NT12575	I46L
NT12577	E4K
NT12577	E4G
NT12577	E7V
NT12577	N8K
NT12577	L26F
NT12577	V27I
NT12577	D30Y
NT12577	Y33P
NT12577	K34Q
NT12577	A38T
NT12577	I46L
NT12578	Y33S
NT12580	Y33S
NT12581	D30N
NT12581	Y33S
NT12582	S2L
NT12582	E4G
NT12582	N5I
NT12582	K6N
NT12582	N8K
NT12582	N11K
NT12582	K14R
NT12582	T17I
NT12582	K18V
NT12584	E7A
NT12584	F21L
NT12584	L26F
NT12584	D30Y
NT12584	Y33S
NT12584	K34Q
NT12584	I46L
NT12585	E4K
NT12585	E4V
NT12585	E7V
NT12585	N8K
NT12585	F21L
NT12585	L26F
NT12585	D30Y
NT12585	Y33S
NT12585	K34Q
NT12585	I46L
NT12586	E4K
NT12586	E4G
NT12586	E7V
NT12586	N8K
NT12586	L26F
NT12586	V27I
NT12586	D30Y
NT12586	Y33P
NT12586	K34Q
NT12586	A38T
NT12586	I46L
NT12587	L26F
NT12587	V27I
NT12587	D30Y
NT12587	Y33S
NT12587	K34Q
NT12587	A38T
NT12587	I46L
NT12588	E4K
NT12588	E4G
NT12588	E7V
NT12588	N8K
NT12588	L26F
NT12588	V27I
NT12588	D30Y
NT12588	Y33P
NT12588	K34Q
NT12588	A38T
NT12588	I46L
NT12589	E4K
NT12589	E4V
NT12589	E7V
NT12589	N8K
NT12589	F21L
NT12589	L26F
NT12589	D30Y
NT12589	Y33S
NT12589	K34Q
NT12589	I46L
NT12592	S2L
NT12592	E3S
NT12592	E4R
NT12592	N5I
NT12592	E7G
NT12592	N8K
NT12592	N11K
NT12592	K14R
NT12592	T15I
NT12592	T17I
NT12592	K18A
NT12592	I19F
NT12593	E4I
NT12593	E7V
NT12593	N8K
NT12593	F21L
NT12593	L26F
NT12593	D30Y
NT12593	Y33S
NT12593	K34Q
NT12593	I46L
NT12595	L26F
NT12595	V27I
NT12595	D30Y
NT12595	Y33S
NT12595	K34Q
NT12595	A38T
NT12595	I46L
NT12596	E4K
NT12596	E4G
NT12596	E7V
NT12596	N8K
NT12596	L26F
NT12596	V27I
NT12596	D30Y
NT12596	Y33P
NT12596	K34Q
NT12596	A38T
NT12596	I46L
NT12597	E4K
NT12597	E4G
NT12597	E7V
NT12597	N8K
NT12597	L26F
NT12597	V27I
NT12597	D30Y
NT12597	Y33P
NT12597	K34Q
NT12597	A38T
NT12597	I46L
NT12598	S2L
NT12598	E4G
NT12598	N5I
NT12598	K6N
NT12598	N8K
NT12598	G9E
NT12598	K14R
NT12598	T15I
NT12598	T17I
NT12598	K18A
NT12602	E4K
NT12602	E4G
NT12602	E7V
NT12602	N8K
NT12602	L26F
NT12602	V27I
NT12602	D30Y
NT12602	Y33P
NT12602	K34Q
NT12602	A38T
NT12602	I46L
NT12604	S2F
NT12604	E3S
NT12604	E4R
NT12604	N5I
NT12604	E7G
NT12604	N8K
NT12604	N11K
NT12604	K14R
NT12604	T15I
NT12604	T17I
NT12604	K18A
NT12604	I19F
NT12605	S2L
NT12605	E4G
NT12605	N5I
NT12605	K6N
NT12605	N8K
NT12605	G9E
NT12605	K14R
NT12605	T15I
NT12605	T17I
NT12605	K18A
NT12606	E4K
NT12606	E4G
NT12606	E7V
NT12606	N8K
NT12606	L26F
NT12606	V27I
NT12606	D30Y
NT12606	Y33P
NT12606	K34Q
NT12606	A38T
NT12606	I46L
NT12607	S2L
NT12607	E3S
NT12607	E4R
NT12607	N5I
NT12607	E7G
NT12607	N8K
NT12607	N11K
NT12607	K14R
NT12607	T15I
NT12607	T17I
NT12607	K18A
NT12607	I19F
NT12609	E4R
NT12609	E7V
NT12609	N8K
NT12609	L26F
NT12609	V27I
NT12609	D30Y
NT12609	Y33P
NT12609	K34Q
NT12609	A38T
NT12609	I46L
NT12610	L26F
NT12610	V27I
NT12610	D30Y
NT12610	Y33S
NT12610	K34Q
NT12610	A38T
NT12610	I46L
NT12612	S2L
NT12612	E4G
NT12612	N5I
NT12612	K6N
NT12612	N8K
NT12612	G9E
NT12612	K14R
NT12612	T15I
NT12612	T17I
NT12612	K18A
NT12614	S2L
NT12614	E3S
NT12614	E4R
NT12614	N5I
NT12614	E7G
NT12614	N8K
NT12614	N11K
NT12614	K14R
NT12614	T15I
NT12614	T17I
NT12614	K18A
NT12614	I19F
NT12616	S2L
NT12616	E3S
NT12616	E4R
NT12616	N5I
NT12616	E7G
NT12616	N8K
NT12616	N11K
NT12616	K14R
NT12616	T15I
NT12616	T17I
NT12616	K18A
NT12616	I19F
NT12617	Y33S
NT12618	E4I
NT12618	E7V
NT12618	N8K
NT12618	F21L
NT12618	L26F
NT12618	D30Y
NT12618	Y33S
NT12618	K34Q
NT12618	I46L
